uni_lemma,emotionality,rationality,social_impact,valence
a,0.23696407965716987,1.162098037191319,-0.1739986182880139,0.23696407965716987
a lot,0.23760555153925722,0.8623315895669657,0.01738893839847179,0.23760555153925722
about,0.15716209291298294,1.3000895924007154,-0.09115179051865276,0.15716209291298294
above,0.18533559183843237,1.0733567906658197,-0.11497823298603306,0.18533559183843237
after,0.0738350362731539,1.2145473317923317,-0.05837720601484963,-0.0738350362731539
again,0.0864372829257252,0.76054237237006606,0.054328114854028775,0.0864372829257252
airplane,0.03939082929959543,0.6723740176962776,0.009707442210078963,0.03939082929959543
all,0.38592096970911566,0.6469131027335516,0.2257233709151702,0.38592096970911566
all gone,0.07013783053192807,0.6780324491246532,0.02355664157924514,0.07013783053192807
allow,0.2147000210777104,0.8001956043570222,-0.032001363117305746,0.2147000210777104
also,0.3435986477567591,0.8265482524288927,-0.14676109855656197,0.3435986477567591
am,0.07597454858930236,0.5952413610722518,-0.26641167423488576,-0.07597454858930236
and,0.4324031019668189,1.0570881114982515,0.15977933997958677,0.4324031019668189
animal,0.2458063264531304,0.7295645753435761,0.2335583384382333,0.2458063264531304
ankle,0.10632112446000964,0.5032330472040374,-0.05885522259150457,-0.10632112446000964
another,0.1854959220324464,1.265224327917789,0.14697921355286878,0.1854959220324464
ant,0.04068429161019575,0.6348328165111137,0.08756010717518085,0.04068429161019575
apple,0.035665270564238044,0.7477584015047266,-0.08922247903362869,-0.035665270564238044
are,0.13246983222755113,0.661053712746239,-0.13297971341569353,0.13246983222755113
arm,0.04582736348615404,0.9622358521973079,0.19008334127243517,-0.04582736348615404
armchair,0.10765714854405307,0.6384514922539719,-0.2886142904265116,0.10765714854405307
around,0.022422662471994353,0.8874411607218833,0.052603027775255835,-0.022422662471994353
asleep,0.15350278382599275,0.505873960359549,-0.31902083000957215,-0.15350278382599275
at,0.017266391128940427,0.8846521250689082,0.0039417195878090365,-0.017266391128940427
aunt,0.09892832265589191,0.5284537664850766,0.046323816866556386,0.09892832265589191
awake,0.07800577788745724,0.6242948762842965,-0.22697428126343594,-0.07800577788745724
baa baa,0.0036724971086426715,0.5308013458167231,-0.20330756862852803,-0.0036724971086426715
baby,0.14667575980835312,0.5817957723961299,0.2402455476819393,0.14667575980835312
babysitter,0.03612190467643291,0.48901683606757207,0.03429548374145701,-0.03612190467643291
babysitter's name,0.17980954441816552,1.0785186043583066,0.277729007281089,0.17980954441816552
bad,0.4498743157792979,0.6037507509738419,-0.05372960529395311,-0.4498743157792979
bag,0.011025684385056977,0.643957320330432,0.11660102830358866,-0.011025684385056977
ball,0.1656315233925809,0.5995685436238933,0.1568865589520436,0.1656315233925809
banana,0.06219661912482077,0.49517539806963407,-0.046806989719225624,-0.06219661912482077
basement,0.23199454337010478,0.5097231246780686,0.0012297595509686969,-0.23199454337010478
basket,0.054672926992425604,0.5119481133374387,0.055596538922063794,0.054672926992425604
bat,0.0653245610378972,0.8521991481813791,0.1302205760222227,-0.0653245610378972
bath,0.21863935128499745,0.4308426499746296,-0.14248571618417655,0.21863935128499745
bathroom,0.013983768115140582,0.5547151079659283,0.10343952598557869,0.013983768115140582
be,0.06867879178413044,0.7277323921999755,-0.031880668360309686,0.06867879178413044
beach,0.2710847810218819,0.48152342613503296,-0.09960955323189345,0.2710847810218819
beads,0.21533792699611773,0.48515885723523944,-0.18856579258406983,0.21533792699611773
beans,0.03188369473941419,0.5378046775139563,-0.06415200082431491,-0.03188369473941419
bear,0.09695879871785683,0.7572706999462167,0.06756108192972271,-0.09695879871785683
beautiful,0.6886190160296303,0.10564311034366496,0.12014577859301459,0.6886190160296303
because,0.038315379355882556,1.588580604998109,-0.16842807642496319,0.038315379355882556
bed,0.02093391521778792,0.5349006801620916,-0.25699066252186187,-0.02093391521778792
bedroom,0.23783181753372512,0.5178707082429584,0.10636413672071607,0.23783181753372512
bee,0.09659930966751701,0.6191582720364925,0.0740126966473494,0.09659930966751701
before,0.14510194045426036,1.3251694433814818,0.0025759624470110794,-0.14510194045426036
behind,0.18012929411693504,0.9519254754751426,0.01745076052147918,-0.18012929411693504
belly button,0.04316474929048139,0.29675388554780735,0.11581080248205021,-0.04316474929048139
belt,0.09852580759878664,0.7750468715081754,0.006767724165385685,-0.09852580759878664
bench,0.03816076170451872,0.8302173654722068,-0.11157618928982636,0.03816076170451872
better,0.45969131177185907,0.7702384869272385,-0.1535163300536406,0.45969131177185907
bib,0.07721569707807348,0.5956718922390648,-0.032646154897316516,-0.07721569707807348
bicycle,0.2235606733014001,0.46371253372699217,0.11733283217080574,0.2235606733014001
big,0.01455495060683418,0.7224131647732805,0.26860076361822005,0.01455495060683418
bird,0.07241311861561507,0.6028479802501385,0.03722988443605775,0.07241311861561507
bite,0.18984497956685992,0.4910462219688214,0.1059642980605237,-0.18984497956685992
black,0.2629724555830979,0.49271677164479005,0.22520205760976822,-0.2629724555830979
blanket,0.13773058182176964,0.526983647971766,-0.2052852226864427,0.13773058182176964
blocks,0.006093629152006752,0.9935260054290843,-0.07552863998724672,-0.006093629152006752
blow,0.2884077673718876,0.5033689141638528,0.18662986576770163,-0.2884077673718876
blue,0.1884326523927759,0.3350161765306381,0.09861600401834618,0.1884326523927759
boat,0.08944623194974462,0.597531106845727,0.062311484967794914,0.08944623194974462
book,0.20794759568263843,1.142497556798703,0.19256874565371707,0.20794759568263843
boots,0.08486906599239508,0.623047206249865,-0.013704233230303803,-0.08486906599239508
bottle,0.06557124025678375,0.6435336528842395,-0.011351585582805872,0.06557124025678375
bowl,0.11956943832877831,0.5629485165083563,-0.15288992768726373,0.11956943832877831
box,0.09842366139868423,0.8144373657330418,0.1009066148227772,0.09842366139868423
boy,0.27225755653449357,0.5949771787121718,0.43691103516815993,0.27225755653449357
bravo,0.1630428413596953,0.480001534195003,0.05972167983105537,0.1630428413596953
bread,0.05761093525505386,0.5619563024526081,-0.0742235995391181,-0.05761093525505386
break,0.08466592252462375,0.742634175869002,-0.06082997418997829,-0.08466592252462375
breakfast,0.142192051169446,0.6856158934538192,-0.0904470891840498,0.142192051169446
bring,0.40830473218820357,0.5540255789073838,0.2410210400107239,0.40830473218820357
broken,0.1747227807066733,0.575637397027724,-0.20787905976080281,-0.1747227807066733
broom,0.13565238665371615,0.3697865689792444,-0.03947216876126314,-0.13565238665371615
brother,0.01035141476738012,0.7407766070050358,0.3225271794151543,-0.01035141476738012
brown,0.24999103121639885,0.3865534460236045,0.14534694513755866,-0.24999103121639885
brush,0.1663319290118303,0.5766786237764238,-0.009928268359653172,-0.1663319290118303
bubbles,0.03597683308953891,0.5041933121937214,0.06436184352716104,0.03597683308953891
bucket,0.03078636590294986,0.5408310525123702,-0.1571333888908909,-0.03078636590294986
build,0.22542268778531013,0.9226160446919797,0.19466128748173658,0.22542268778531013
bunny,0.1182781995863308,0.3296220138571312,0.0049251605091199,0.1182781995863308
bus,0.09441093502157542,0.700985781685252,0.15392873832149465,-0.09441093502157542
but,0.17491975446233413,1.272620439545472,-0.23439110339304303,0.17491975446233413
butt,0.31674280243414665,0.3860727755440339,0.397696605375678,-0.31674280243414665
butter,0.036807535401081344,0.4845956590638466,-0.11758346731902364,-0.036807535401081344
butterfly,0.23847034937703693,0.4011369058836671,-0.07964387974681617,0.23847034937703693
button,0.022234447634626068,0.40100561767248777,0.09302385786393874,0.022234447634626068
buy,0.029020164288921166,0.877525704625726,-0.025065031003445183,0.029020164288921166
bye,0.06285242531795335,0.42309183886459,-0.12079888073534867,0.06285242531795335
cake,0.016580703926568362,0.5633870144118944,-0.05656913364835006,0.016580703926568362
calm,0.7904225314437022,0.06512316915286895,-0.5467668543786486,0.7904225314437022
camera,0.07652362912138178,0.7946648340326681,0.15080597806966378,0.07652362912138178
camping,0.15630949584989193,0.5450113786864602,-0.11329476084208619,0.15630949584989193
can,0.25701287405373835,0.6846429608284843,-0.14075497080134444,0.25701287405373835
candy,0.22060824755190236,0.4139155439486592,0.11823452731085021,0.22060824755190236
car,0.08013904080002864,0.6403377037198994,0.18692586286573365,0.08013904080002864
carrot,0.10328214587953057,0.5733175169460696,-0.14470488343974383,0.10328214587953057
carry,0.008297354714950429,0.6601824476887939,-0.012041987969863817,-0.008297354714950429
cat,0.0265543654317457,0.5722556088240325,0.0817895669499718,0.0265543654317457
catch,0.14822302855006267,0.6243648160804618,0.1618804574605286,0.14822302855006267
cereal,0.00725360519539937,0.6178881238660603,-0.10581242113990108,0.00725360519539937
chair,0.06622609513624941,0.7805437828331023,-0.03791807325815296,0.06622609513624941
chalk,0.11392148774098552,0.6175379327412053,-0.18784252533892234,-0.11392148774098552
chase,0.0037465908306226147,0.6105480029806069,0.2973691311465909,0.0037465908306226147
cheek,0.08382215229430627,0.36137979678278104,0.1299984095852184,-0.08382215229430627
cheerios,0.028546543560094305,0.4656592130096328,-0.12772589329229614,0.028546543560094305
cheese,0.007314801422502786,0.5001032844755325,-0.006912932563074879,-0.007314801422502786
chicken,0.08143681261117723,0.5770006053698137,0.027156682317764195,-0.08143681261117723
chicken,0.08143681261117723,0.5770006053698137,0.027156682317764195,-0.08143681261117723
child,0.2354773827592983,0.7847685578337363,0.17749500927171813,0.2354773827592983
child's own name,0.12031161576684216,0.9640715252324541,0.4039930567589034,0.12031161576684216
chin,0.07458193003438808,0.6097207644220738,-0.14509561176430455,-0.07458193003438808
chips,0.0024898794342844365,0.6729279055760633,-0.0627797959421489,0.0024898794342844365
chocolate,0.20085787181204623,0.191474387228927,0.01859209934103576,0.20085787181204623
choo choo,0.05260150842523818,0.4214881791890169,-0.1288656410304677,-0.05260150842523818
church,0.06060268492358476,0.7133117549983855,-0.015015070815372296,-0.06060268492358476
circus,0.05254769890497619,0.4468072951280313,0.036321516698998704,-0.05254769890497619
clay,0.06541660661244973,0.47131919438292197,-0.19442037381678962,0.06541660661244973
clean,0.08346632160579222,0.4941576945654534,0.09176649061256699,0.08346632160579222
clean,0.08346632160579222,0.4941576945654534,0.09176649061256699,0.08346632160579222
clementine,0.03790841597349495,0.45151708270388335,-0.27267943157426366,0.03790841597349495
climb,0.022563296965548697,0.6253503322829368,-0.07351367920057858,-0.022563296965548697
clock,0.052791495523497316,0.7302748540312326,0.062482780429030216,-0.052791495523497316
close,0.19366844830496327,1.0209577818964102,0.14303962135850834,0.19366844830496327
cloud,0.23640755916904657,0.5669548303393461,0.004759642896316251,-0.23640755916904657
clown,0.13900983743036094,0.4327124660311905,0.13231196509500504,-0.13900983743036094
coat,0.0320922664553114,0.5101929492757502,-0.04070911477225109,0.0320922664553114
coat hanger,0.08454836178775527,0.5605795365916122,-0.08555009932770245,-0.08454836178775527
cockadoodledoo,0.1593776021233453,0.3300836824944333,-0.09597434281858044,-0.1593776021233453
coffee,0.13238756271353722,0.44018787454472236,0.03704035630075746,0.13238756271353722
cold,0.25881165988368054,0.19629136022908264,-0.3768141753644672,-0.25881165988368054
comb,0.08296097154694222,0.5660727722543651,0.04372820881559835,-0.08296097154694222
congratulate,0.25145544507170614,0.42109908028060933,-0.018862869669626282,0.25145544507170614
cook,0.09259793516310429,0.4502570289316005,0.041928234486928756,0.09259793516310429
corridor,0.06703954304653575,0.7652738202227908,-0.08291605815033479,-0.06703954304653575
couch,0.010034165252428399,0.42238057764450826,-0.2782327339436575,0.010034165252428399
could,0.2336015639833283,1.041443929163164,-0.3222135176300807,0.2336015639833283
country,0.10095009789700866,0.6996231816672067,0.026066878777900142,0.10095009789700866
cover,0.07730306895346528,0.8149981384066992,0.1252327412714703,-0.07730306895346528
cow,0.029435033479464454,0.7150055973326603,0.06339811212463842,0.029435033479464454
cracker,0.07556870998892681,0.5104230105946854,0.04030513530471184,-0.07556870998892681
cradle,0.01304147670458718,0.48339828161632126,-0.20813216904689802,-0.01304147670458718
crazy,0.4495784902498873,0.4451020367672737,0.5622124486651948,-0.4495784902498873
crocodile,0.0020569147450313083,0.4185949402660897,-0.053539371735916295,0.0020569147450313083
cry,0.44652848084791713,-0.23292154179825428,0.2348424719251823,-0.44652848084791713
cup,0.1779679793226786,0.3808158062218792,-0.021478578891279777,0.1779679793226786
cut,0.21256383001255172,0.8174899406895116,-0.048601532583904775,-0.21256383001255172
cute,0.25979893936505855,0.2401425718544311,0.2744950634046231,0.25979893936505855
daddy,0.09179357153367391,0.5158574753367017,0.1679959170970367,0.09179357153367391
dance,0.28566569738053504,0.34951971956040817,0.23653124644399953,0.28566569738053504
dark,0.34997128981470016,0.14065437587528878,-0.21962159193810396,-0.34997128981470016
day,0.07084761825631168,1.0701642062143852,-0.06884971295383645,0.07084761825631168
deer,0.03409625020698478,0.5904798305241943,-0.10690310854649342,0.03409625020698478
diaper,0.12800466877526642,0.559799813050144,-0.02691300669390051,-0.12800466877526642
did,0.15997033042188155,1.1477707731503017,-0.12157236000353884,0.15997033042188155
dinner,0.0179758141654736,0.600993232636593,0.016071686720117228,0.0179758141654736
dirty,0.31420595992569283,0.2887340864616309,0.2884157681576136,-0.31420595992569283
disgusting,0.4984754291574967,0.09884630942377844,0.1348286726920295,-0.4984754291574967
dish,0.04235078294285379,0.6104891483221693,0.09897010038442132,0.04235078294285379
do,0.15088349909203508,1.1023037304725651,0.010406669208715531,0.15088349909203508
doctor,0.04441841949315802,0.7934226889809392,-0.15283632303524922,-0.04441841949315802
dog,0.15012263325207523,0.737951528491516,0.2482520130200286,0.15012263325207523
doll,0.06655794153266918,0.43851806150015404,0.12613599477705364,0.06655794153266918
don't,0.09552328054879497,0.45027914418243675,-0.1892547054228762,-0.09552328054879497
donkey,0.10209088777148703,0.4591131339979953,-0.009091124617145443,0.10209088777148703
door,0.07188059054732178,0.7423066553708227,0.09561832079291883,-0.07188059054732178
down,0.0815263350160004,1.0283053688905923,-0.1517162412252155,-0.0815263350160004
downtown,0.011388027239290914,0.7258448771130205,0.05576982497071496,0.011388027239290914
draw,0.2394598631385689,0.8793904557582762,0.10679150793203358,0.2394598631385689
drawer,0.09530348781065648,0.6635388089933566,-0.22013549161347884,-0.09530348781065648
dress,0.006195556625235696,0.6488934201737598,0.2973622223222846,-0.006195556625235696
drink,0.014846807002586705,0.45244409320065904,-0.05573066050584369,0.014846807002586705
drink,0.014846807002586705,0.45244409320065904,-0.05573066050584369,0.014846807002586705
drip,0.1794948136788216,0.2065743025972587,-0.022240693384005198,-0.1794948136788216
drive,0.0029665284202404552,0.7118567331637753,0.3206565226510298,0.0029665284202404552
dry,0.11178022955319677,0.48189813548053556,-0.20559919249124478,-0.11178022955319677
dry,0.11178022955319677,0.48189813548053556,-0.20559919249124478,-0.11178022955319677
dryer,0.13600986025988368,0.5034433918252028,-0.021834468683634284,-0.13600986025988368
duck,0.08463561255081815,0.4935117451502153,0.06882739835364819,-0.08463561255081815
dump,0.1865467213848037,0.6462330839735665,0.09151752244428443,-0.1865467213848037
ear,0.016995546885872972,0.5814323060907423,0.14387329687257486,0.016995546885872972
eat,0.10894405002658704,0.6004937719572385,-0.08321208126344266,-0.10894405002658704
egg,0.027672449590219948,0.4591454441798154,0.06280066472604663,0.027672449590219948
elephant,0.02487552489590947,0.6664880481842609,0.023584938140061542,0.02487552489590947
empty,0.07119001647087093,0.37478986248549534,-0.4113042587967098,-0.07119001647087093
eye,0.10486721486843377,0.9422959410342573,0.20936398593663283,0.10486721486843377
face,0.33102684945718797,0.4829420192120878,0.2081200266085828,-0.33102684945718797
fall,0.2737228156489075,0.6567397241165641,0.2794901571200671,-0.2737228156489075
far,0.0036864714744584623,0.9207845234715658,-0.04582456092649436,-0.0036864714744584623
farm,0.139026039346011,0.7047928371380565,3.068235167452268e-4,0.139026039346011
fast,0.08737313691721975,0.6535716702555737,0.21765258813515,-0.08737313691721975
feed,0.05401956412380775,0.5793762883345571,0.14028788194721267,-0.05401956412380775
find,0.5303830797432144,0.4563622630049363,-0.11384643114070217,0.5303830797432144
finger,0.039836416840397126,0.6177848625935095,0.1401367030168509,-0.039836416840397126
finish,0.08391990325782055,0.8283683399890441,-0.11931220611796464,0.08391990325782055
firefighter,0.0015949103305117687,0.5871456348691769,-0.025091331940433413,-0.0015949103305117687
firetruck,0.008856783545029553,0.536032336215854,-0.027488808136625402,0.008856783545029553
first,0.24654934314123195,1.4391911977573597,0.40953203662212606,0.24654934314123195
fish,0.1492476656702209,0.6114085180231998,0.029238890663305254,0.1492476656702209
fish,0.1492476656702209,0.6114085180231998,0.029238890663305254,0.1492476656702209
fix,0.18005658980922246,0.7256278524489914,-0.11379964562195709,-0.18005658980922246
flag,0.05505454433485508,0.8341345729868083,0.15883541063939519,-0.05505454433485508
flower,0.37460371194189734,0.47753259536052584,0.1533066084974873,0.37460371194189734
food,0.22536827393312037,0.7561726078729498,0.2526728161645204,0.22536827393312037
foot,0.12329362665322972,0.7737849866601358,-0.044933786698618736,-0.12329362665322972
for,0.4895784204033113,1.2671434960090435,-0.024382543891693823,0.4895784204033113
forest,0.08285831765703726,0.5763846205944028,-0.16702165693133314,0.08285831765703726
fork,0.18273130554737613,0.7262187467854176,-0.14729319562979004,-0.18273130554737613
french fries,0.012302747601532465,0.4628745882488804,-0.16468281882513552,0.012302747601532465
friend,0.32413659933999717,0.5638731011917849,0.18316369447492065,0.32413659933999717
frog,0.08140435878043754,0.51964930318372,-0.017926665127498537,0.08140435878043754
full,0.3531806667475242,0.5300563996677746,0.22447818967529706,0.3531806667475242
game,0.18397993416892527,1.1191585404510085,0.17613794551295803,0.18397993416892527
garage,0.13102881911750025,0.495164284977302,0.056804710639845775,-0.13102881911750025
garden,0.33238812143666163,0.34447252692689284,-0.065011882421368,0.33238812143666163
gas station,0.06164016996070881,0.7010199216743916,0.06937674921545597,-0.06164016996070881
get up,0.15523154709358306,0.8369903292984131,0.05309463665628744,0.15523154709358306
giraffe,0.10091277167943084,0.6297475288970542,-0.1020982957161646,0.10091277167943084
girl,0.24047189935177202,0.6951335527144379,0.3466621225617913,0.24047189935177202
give,0.5065272504153587,0.7409497698612436,-0.06369864008806896,0.5065272504153587
glass,0.10829234428283716,0.6783506886346323,-0.17324585534302264,0.10829234428283716
glasses,0.058107005570605684,0.7069061691657273,-0.19504222950601333,-0.058107005570605684
glove,0.07235630083136922,0.4679293925797504,0.040333996769942294,-0.07235630083136922
glue,0.11320022603624455,0.4634799702323949,0.010685264122096624,0.11320022603624455
go,0.096264408509887045,0.883350046280857,-0.06447196403284716,-0.096264408509887045
goat,0.08055162999074232,0.5879464412878017,0.0628945356096937,0.08055162999074232
good,0.6267259063672124,0.7598524959438451,-0.07577691671642506,0.6267259063672124
good night,0.2641747365144932,0.6678402101276609,-0.0960162757658328,0.2641747365144932
goose,0.04122520635185697,0.4245783904544173,-0.048733685891185895,0.04122520635185697
grandma,0.14419766773630635,0.5027746938155019,-0.06967901349498472,0.14419766773630635
grandpa,0.2076134889824897,0.5092519423920282,-0.17345862745789825,0.2076134889824897
grapes,0.04442021806204627,0.706435359580791,-0.1891661264904155,-0.04442021806204627
grass,0.09450460135307126,0.48851320879650895,-0.059170970848642944,0.09450460135307126
green,0.13167498672214295,0.4859756494981057,0.23860143129898628,0.13167498672214295
green beans,0.04989564599136438,0.511890163506031,0.08722471523733569,0.04989564599136438
grrr,0.3886223048472032,0.38921506183414084,-0.19096518063888826,-0.3886223048472032
gum,0.06954581032526279,0.5219615879604054,-0.02047506374688018,-0.06954581032526279
hair,0.12082311683895233,0.49876314594166304,0.2051701328320908,-0.12082311683895233
hamburger,0.03205237229070945,0.6664839285917769,-0.004090807573151407,-0.03205237229070945
hammer,0.21882510229322538,0.5826512324815438,0.07888212211468487,-0.21882510229322538
hand,0.23530723074129895,1.0810122574568277,0.37617248927927344,0.23530723074129895
happy,0.5877939634350016,0.17157185625353966,0.09090808958176148,0.5877939634350016
hard,0.1707926166351169,0.7637403306162917,-0.0243154423927691,0.1707926166351169
hat,0.005141357601118049,0.6964232909643864,-0.001421980587490156,0.005141357601118049
hate,0.9543268433791811,-0.6641003708286805,1.099618095745605,-0.9543268433791811
have,0.18665538032552012,0.7051391739095808,-0.15481291634032401,0.18665538032552012
head,0.31517880672719134,1.1524900058437824,0.19740890423055038,-0.31517880672719134
hear,0.08410911244620504,0.4600263095144976,0.027684960022529088,0.08410911244620504
heart,0.31466901347073134,0.4383641994406514,0.1740776207408175,0.31466901347073134
heavy,0.39156876365676185,0.5238756400577558,-0.09596869324151545,-0.39156876365676185
helicopter,0.030236839992335226,0.7417270996399241,0.06634056542324623,0.030236839992335226
hello,0.13629264558681198,0.18825623500081304,0.10560223014003559,0.13629264558681198
help,0.5799058363919084,0.6347170466990341,0.21674724399724074,0.5799058363919084
here,0.2459102021208051,0.9760869572722162,-0.06368283968211927,0.2459102021208051
hi,0.2783618104025518,0.2932652999603056,0.19609637686242878,0.2783618104025518
hide,0.24603997171731795,0.2605809668881661,0.055460779452033794,-0.24603997171731795
high,0.06935642115237345,0.812895679743344,0.21600189004974493,0.06935642115237345
high chair,0.06779125814431143,0.7967197312882232,0.08904190839579598,0.06779125814431143
hit,0.15568809858827218,0.6692555184515371,0.14566667638384073,-0.15568809858827218
hold,0.222986063984369,0.9199433948762809,0.09442493869196608,0.222986063984369
horse,0.17918018580040834,0.6870401020295788,0.006978752930344246,0.17918018580040834
hose,0.06882627472225628,0.5342916801676683,-0.018225420512289373,-0.06882627472225628
hot,0.010268178099761868,0.32728138326669654,0.40659288174076275,-0.010268178099761868
house,0.10748589564178263,0.727550966526553,0.2778534747369546,0.10748589564178263
how,0.3385458674574093,0.9939433178477103,0.2758502660947667,0.3385458674574093
hug,0.4513299329739754,-0.08869986832673635,0.10436534112879056,0.4513299329739754
hungry,0.22446436382298532,0.6147927485418999,-0.04346310918747993,-0.22446436382298532
hurry,0.333101089226772,0.5471981418057267,0.020999580960043417,-0.333101089226772
hurt,0.32468130244911586,-0.021183992325854203,0.21617739073729034,-0.32468130244911586
ice,0.011229592551857168,0.4474814151070118,-0.19285549690663795,0.011229592551857168
ice cream,0.008523466969266744,0.41340514504462295,-0.1710618835424594,0.008523466969266744
if,0.21002047357012088,1.4252316564206402,-0.2696274354885721,0.21002047357012088
in,0.0012855876813594662,1.0532668664535614,0.01726117788309073,-0.0012855876813594662
inside,0.18882545323380595,0.5209445026959442,0.2856830002096583,0.18882545323380595
is,0.29878355531166845,1.3710543165623625,-0.1728855021027013,0.29878355531166845
jacket,0.050272239123131765,0.5562768184179497,0.038059221937656935,0.050272239123131765
jam,0.041685285318643704,0.4655992273360097,-0.05862145680050433,-0.041685285318643704
jar,0.12226878111619868,0.6291866485272001,-0.13784324955796817,0.12226878111619868
jeans,0.022886790944108875,0.4647486475196001,-0.10901198954167306,-0.022886790944108875
juice,0.13937137089265406,0.5825689146832563,0.0036826337247180714,0.13937137089265406
jump,0.04415251269617821,0.7988708084516902,0.2626002409729785,-0.04415251269617821
key,0.4642232402302922,1.0668130188455371,0.1833557637843155,0.4642232402302922
kick,0.1251466412477945,0.39063287872261954,0.19341586354161588,-0.1251466412477945
kiss,0.1743601791724049,0.15067058350014792,0.3024313735536387,0.1743601791724049
kitchen,0.08227013284077933,0.5702855450145436,0.22494966677872688,0.08227013284077933
kitty,0.0809501280532815,0.3937770410284263,-0.005262141171870843,0.0809501280532815
kiwi,0.11834152544738942,0.42727737894087486,-0.13182592074651478,0.11834152544738942
knee,0.09347162881013292,0.6294058666794824,0.007462757392832285,-0.09347162881013292
knife,0.2833345358957295,0.5909924814680039,0.08329569580599869,-0.2833345358957295
knock,0.12126955434903383,0.5825477553808727,0.13798511483571,-0.12126955434903383
ladder,0.04909437679559766,0.8307069598255147,-0.01353634680477289,0.04909437679559766
lady,0.28426159087579117,0.6113211603123697,0.13422231944737373,0.28426159087579117
lamb,0.021999296492940842,0.5278286173943075,-0.08430801024419679,-0.021999296492940842
lamp,0.1093126653928307,0.5214962605558812,-0.04933120769574339,0.1093126653928307
last,0.04885091420642072,0.9947426386473234,0.1444994176065405,0.04885091420642072
lawn mower,0.001822229306169463,0.5252868572092836,-0.09830998576201815,-0.001822229306169463
leg,0.0810948412583361,0.8435320193356084,0.08419859913682222,-0.0810948412583361
lick,0.08293232480689887,0.2585972106418749,0.12005586374585894,0.08293232480689887
light,0.19567969120290188,0.6678385609584414,0.09508038654869387,0.19567969120290188
like,0.099454880506893,0.39418274410842524,0.13338295423914287,0.099454880506893
lion,0.06246591639768922,0.6305501358004636,0.17005453828407724,0.06246591639768922
lip,0.17219734359381128,0.5382346376090917,0.12409168376258471,-0.17219734359381128
listen,0.19253709364632793,0.5143191533118326,-0.15319718862397136,0.19253709364632793
little,0.4961040419153977,0.6311126596504893,0.32699092852910505,0.4961040419153977
little,0.4961040419153977,0.6311126596504893,0.32699092852910505,0.4961040419153977
living room,0.16381611188901476,0.7368065669623161,0.10415422179969092,0.16381611188901476
lollipop,0.11047797246993596,0.4749556683435724,-0.05392360573657256,0.11047797246993596
long,0.06433963056076253,0.8648752505746103,-0.18670656173891903,-0.06433963056076253
look,0.1687992003720806,0.48773591140075884,0.2462119306479464,0.1687992003720806
loud,0.23793653192281855,0.32193155182412064,0.35322276696346255,-0.23793653192281855
love,0.8492662203394369,-0.6156309220705433,0.8542395894204842,0.8492662203394369
lunch,0.004642601340950398,0.6942301053079383,0.066887498103479,0.004642601340950398
mailman,9.317215070920931e-4,0.3641707002585896,-0.09031789958745697,9.317215070920931e-4
man,0.26722403184464316,0.9495863900353622,0.18624184800805502,0.26722403184464316
mayonnaise,0.047706208627782236,0.34083103603871967,-0.11502596495102654,-0.047706208627782236
meat,0.03887363299141372,0.7642788390038049,0.1447219235818671,-0.03887363299141372
medicine,0.09839532331505428,0.7528513000021029,-0.14496252738676532,0.09839532331505428
melon,0.13961217857512254,0.5112189083285703,-0.15254635918561618,-0.13961217857512254
meow,0.11686052702804797,0.3150528061326526,-0.04119296221103811,-0.11686052702804797
milk,0.11051612251604319,0.4359503361030496,0.016694060867650625,0.11051612251604319
mitten,0.037967022098116976,0.3625034969447502,-0.17494031095483123,-0.037967022098116976
mommy,0.08237123800182572,0.4016057090058382,0.09980780211851736,0.08237123800182572
money,0.1818354725422836,0.863647722746964,0.40336866009550876,0.1818354725422836
monkey,0.019536946508167126,0.7033632623976294,0.16925957556244994,0.019536946508167126
moo,0.009295639318690175,0.39340790010986215,-0.07839055539135217,-0.009295639318690175
moon,0.1620111583831896,0.46973310844884747,-0.1773237537964399,0.1620111583831896
mop,0.19000094412254456,0.3887129434173316,-0.05332208735812585,-0.19000094412254456
morning,0.0032596727472357116,0.6861104013624479,-0.08304310111773515,0.0032596727472357116
motorcycle,0.11087068219317357,0.5436223953423155,0.2442377782500689,0.11087068219317357
mouse,0.08132114824733334,0.5283869590682726,0.09005357871041696,-0.08132114824733334
mouth,0.08930417406254061,0.5590594193906409,0.06750629102971341,-0.08930417406254061
movie,0.08513622142911631,0.5108605115144241,0.05983626891974398,0.08513622142911631
muffin,0.012426297709243543,0.38067255322825966,-0.09962994417236486,-0.012426297709243543
music,0.5498337159730101,0.3678570599621759,0.04841065713661986,0.5498337159730101
nail,0.146781256948638,0.6620324664830302,-0.06142494705012993,-0.146781256948638
nap,0.03472244224386127,0.4734010625397242,-0.47278252648547997,0.03472244224386127
napkin,0.09933214105838988,0.6454599801319973,-0.08170080900939232,-0.09933214105838988
nasty,0.638149878930622,0.12748531724134454,0.3417323485738887,-0.638149878930622
naughty,0.1552398886707107,0.06614681960142861,0.5113069225171847,0.1552398886707107
near,0.05740592500533816,0.7860774667469765,0.1289575379511416,-0.05740592500533816
necklace,0.09593519427859719,0.5526615481876205,-0.08500212400319075,0.09593519427859719
need,0.1954284210978288,0.6750553310980761,0.234907881294734,0.1954284210978288
new,0.34072051262459646,0.9320413547431516,0.29767464055717674,0.34072051262459646
next to,0.1964209497180684,1.2937534160932227,0.14602434051937463,0.1964209497180684
nice,0.6011771435074718,0.32121505417607776,-0.11683478298506678,0.6011771435074718
night,0.09837643333822603,0.5758279243114768,-0.11625563481524055,-0.09837643333822603
no,0.029070734486385225,0.8214144454132346,-0.09546659974457815,-0.029070734486385225
none,0.23887581208335892,0.7874553181771172,-0.04936061171569101,0.23887581208335892
nose,0.10698574954216294,0.6853579356194731,0.22502938612949355,-0.10698574954216294
not,0.04575479119049113,1.1272145398374658,-0.04619610883538754,0.04575479119049113
now,0.047668870093926584,1.186320192584988,0.0746122018373815,-0.047668870093926584
nurse,0.05568001913050139,0.5776978316173188,-0.07323432849417108,0.05568001913050139
nursery,0.0906852682837566,0.5572549937759318,-0.007435596616397901,0.0906852682837566
nut,0.025250832402605134,0.6462931887069011,0.21215947652310355,-0.025250832402605134
nutella,0.025765988445855453,0.2822579172586046,-0.23480131967377707,-0.025765988445855453
of,0.28587425722641774,1.0868809205916,-0.05524405399552235,0.28587425722641774
old,0.022241256902578138,0.8264002262150928,0.0394049665894215,0.022241256902578138
on,0.05099516984349945,1.2494954972633197,0.10992692323398799,-0.05099516984349945
on top,0.01297047068485772,1.03975957362066,0.2280688223097249,-0.01297047068485772
open,0.20791364534591542,0.9279797471786341,0.08184237936015905,0.20791364534591542
orange,0.007039295655946422,0.34209622066735235,0.1624365021118541,0.007039295655946422
orange,0.007039295655946422,0.34209622066735235,0.1624365021118541,0.007039295655946422
other,0.20817024209629087,0.8788391132980264,0.1939591932569375,0.20817024209629087
ouch,0.42678826028594624,0.27298381836875213,0.015423956301760317,-0.42678826028594624
outside,0.07563162981492545,0.9747781744087968,0.14772720030590844,0.07563162981492545
oven,0.12081858202340323,0.49799458965941257,-0.04380985500790861,-0.12081858202340323
over,0.09406940401966156,0.9726519053502389,0.05698794511022296,-0.09406940401966156
overalls,0.0073522487615028395,0.5164898251071682,-0.1414381144256157,0.0073522487615028395
owie,0.12849376510691302,0.32339851553691545,-0.14816673488570656,-0.12849376510691302
owl,0.005893053891592664,0.5393383512512907,-0.09954569383706378,0.005893053891592664
pacifier,0.030803189878298564,0.48138808586911974,-0.23599893282463213,-0.030803189878298564
paint,0.06439113816536937,0.5539262431696176,-0.12693063240463284,0.06439113816536937
pajamas,0.022187254057429245,0.5163022051230899,-0.2007506992771472,0.022187254057429245
pancake,0.025550831766581284,0.5125531838663899,-0.1171214705216633,-0.025550831766581284
pants,0.03795072672633121,0.5719478388610261,0.12214152669574455,-0.03795072672633121
paper,0.04448579152976753,1.1823932462836833,0.012133836089971975,-0.04448579152976753
park,0.3616176985351853,0.6162078708746271,0.1529430278120247,0.3616176985351853
party,0.027933535071688973,0.7743448143161377,0.1748735177461709,-0.027933535071688973
pasta,0.006802660103188816,0.42592992238352356,-0.10163937180575117,-0.006802660103188816
pastry,0.0323551479205135,0.5380130508001726,-0.18210157072217198,-0.0323551479205135
peas,0.001109073722331548,0.47815451230680844,-0.13167515479911632,-0.001109073722331548
peekaboo,0.05080671665891254,0.36061011754605127,-0.00247526196585005,0.05080671665891254
pen/pencil,0.03903714584901585,0.6911023078304324,-0.02516035982183662,-0.03903714584901585
penguin,0.026531358973391424,0.4592475120163575,0.02046648519278558,0.026531358973391424
penis,0.08517293535819102,0.41891982177479015,0.16486425117142162,0.08517293535819102
people,0.2563826353137227,1.1856390256505809,-0.06691394270930051,0.2563826353137227
person,0.30931115994011593,1.2734275958788077,0.00333352024061125,0.30931115994011593
pet's name,0.17980954441816552,1.0785186043583066,0.277729007281089,0.17980954441816552
photo,0.32299121223648436,0.7223710350929062,0.23753290316973966,0.32299121223648436
pick,0.02292433006768915,1.0064450803025653,0.08376807815669836,0.02292433006768915
picnic,0.14848365904633548,0.41381810183116896,-0.06002810988659857,0.14848365904633548
pig,0.15086916421298527,0.545264506935229,0.2046862967667486,-0.15086916421298527
pillow,0.08740026911754659,0.2869143500349854,-0.19776493294483596,0.08740026911754659
pizza,0.022656753742721223,0.5522900410028921,0.02021716618004542,-0.022656753742721223
plant,0.13854219665388942,1.0322888470980516,0.12461539726607698,0.13854219665388942
plate,0.014581484056920767,0.7390312695418785,-0.062184204228309094,0.014581484056920767
play,0.1787352773846698,0.6802744117410682,0.2008631670995471,0.1787352773846698
playground,0.244676786672746,0.47863396503320693,0.29437163993966675,0.244676786672746
please,0.22115966286830663,0.6418333350911591,0.15084110762669262,0.22115966286830663
police,0.1613602028115621,0.9076047086654812,0.25652736029717,-0.1613602028115621
pony,0.2048046367396442,0.43480139486628644,0.032314065101671965,0.2048046367396442
pool,0.26072863863090173,0.5857984758656956,-0.07368551028543227,0.26072863863090173
popcorn,0.031618685002765726,0.4573770905521344,-0.031787858408263696,0.031618685002765726
popsicle,0.04774893502637206,0.4378536424733027,-0.1337189639929615,0.04774893502637206
potato,0.086120929975945,0.46458058810786623,-0.2023432108810436,-0.086120929975945
potty,0.052133988574763604,0.5803826967405155,-0.09857893495010614,-0.052133988574763604
pour,0.023977606409246278,0.3634888262622234,-0.07202024032672345,0.023977606409246278
present,0.1787687588975384,1.133163852410766,0.0892553734389051,0.1787687588975384
pretend,0.03930307029772031,0.6075774800553153,0.04532557110912871,-0.03930307029772031
pretty,0.0871913702449413,0.683707059754936,0.028840635655116954,0.0871913702449413
pretzel,0.08076258088897575,0.4879839999242479,-0.10525012776689523,-0.08076258088897575
pudding,0.038279840008115705,0.4010343067119767,-0.22007209068481043,-0.038279840008115705
pull,0.010662629263762715,0.6432828083146941,0.08449556741604464,-0.010662629263762715
puppy,0.22375636475559793,0.5594046116642902,0.265803758976451,0.22375636475559793
push,0.05380538527218955,0.6289030462964998,0.32535952428903403,0.05380538527218955
put,0.051260504452069644,0.9296786983177819,-0.07703044879786612,-0.051260504452069644
puzzle,0.13126407044844485,0.7948361992253113,-0.174125069850918,0.13126407044844485
quack quack,0.20332769880531404,0.3992038106135526,-0.10897089171645051,-0.20332769880531404
radio,0.086283353996022,0.6134752115276816,0.0850161022318932,0.086283353996022
rain,0.012039637173271485,0.23446096613755954,-0.13964528947108684,-0.012039637173271485
raisin,0.11226815002369642,0.5214897628994928,-0.22426337223892298,-0.11226815002369642
read,0.19474015447216383,0.9356194475686785,-0.10274358062248723,0.19474015447216383
receive,0.24739569070687684,0.5719885306105217,0.1609991500035605,0.24739569070687684
red,0.18971912437871083,0.47316973173138244,0.4381296646169974,-0.18971912437871083
refrigerator,0.09191930365609659,0.6447139368593602,-0.1516697016781167,-0.09191930365609659
reindeer,0.02745544213164041,0.515912338866187,-0.11852780221005128,0.02745544213164041
remote control,0.04741377611005118,0.7248744886199554,0.2679430770508996,0.04741377611005118
ride,0.24324621017139073,0.2872567164651135,0.11205904664282762,0.24324621017139073
road,0.018995823197000175,0.9897533747813749,-0.21358355358615888,0.018995823197000175
rock,0.04584254715968767,0.41717489183380213,0.06098557724216861,0.04584254715968767
roof,0.10539571169718363,0.7140712078588274,0.010076167038536714,-0.10539571169718363
room,0.2909093356623384,0.8068076369583473,0.24086533975582367,0.2909093356623384
rooster,0.018082634538659652,0.47089168687333993,-0.047056019329898335,0.018082634538659652
run,0.18167155686925132,0.8590733537302081,0.29893377412009453,-0.18167155686925132
sad,0.26458120510709005,-0.07670039323796742,-0.5181157348432336,-0.26458120510709005
salt,0.10458359074298436,0.4592849654038681,-0.18788346052736338,-0.10458359074298436
same,0.18104539269952363,0.7649786282511112,0.2356375230187766,0.18104539269952363
sandbox,0.036654825905012504,0.5717474940806744,-0.0450256515167142,0.036654825905012504
sandwich,0.018835577295884937,0.6609346961778535,0.0072045332231150715,0.018835577295884937
sauce,0.07403906020269391,0.48197890477610933,0.015487002786116673,-0.07403906020269391
say,0.03900709189130543,0.9758448494908889,-0.06778998745286925,0.03900709189130543
scared,0.42112983107556573,0.2784853743746369,0.1389843210538354,-0.42112983107556573
scarf,0.035714596351537814,0.43773685829724424,-0.15240046937396165,-0.035714596351537814
school,0.007456809543637168,0.948598746001938,0.28786986994109764,-0.007456809543637168
scissors,0.14270988746843585,0.5438769011067638,-0.05350093167589456,-0.14270988746843585
see,0.235918190184846,0.5782375791589828,0.14438882648847884,0.235918190184846
shake,0.2368558299261093,0.363305531946425,-0.058603045886500005,-0.2368558299261093
share,0.4007191075315491,0.5042820366869976,0.3037868666469296,0.4007191075315491
sheep,0.0357095691799377,0.701228731088336,-0.030766611871570298,-0.0357095691799377
shh,0.23683026660116288,0.29796457844960483,-0.04255314460540552,-0.23683026660116288
shirt,0.04092484960005889,0.5740407270351408,0.17474099351421268,-0.04092484960005889
shoe,0.059618127478270014,0.6422459834492638,0.12456223280935769,-0.059618127478270014
shopping,0.10270197904163819,0.5970684695228657,0.22434773574417102,0.10270197904163819
shorts,0.035027393272757064,0.5790945469266308,0.015214874529205719,-0.035027393272757064
shovel,0.0408844897358101,0.4760836803292453,-0.17874949637876342,-0.0408844897358101
show,0.412691445885741,0.7291606039270692,0.3710148137006604,0.412691445885741
shower,0.1421102303232567,0.42194751641998035,0.09438482356850325,0.1421102303232567
sick,0.3374086456570341,0.07030495611859328,-0.12337816146929742,-0.3374086456570341
sidewalk,0.010892537359370593,0.6450981003755137,0.04101674124207724,0.010892537359370593
sing,0.16506209450434964,0.2117905657650641,-0.02625833969332685,0.16506209450434964
sink,0.17194216036988808,0.4445140435244197,-0.150109657614102,-0.17194216036988808
sister,0.05519948937404321,0.7314572707005289,0.3250500206373685,0.05519948937404321
sit,0.006035739796889907,0.5625218466609587,-0.27886491020544835,0.006035739796889907
skate,0.006389430172055807,0.34990930782893404,-0.048721628445820266,-0.006389430172055807
sky,0.20450032777591678,0.49095801027148855,-0.26925401635575574,0.20450032777591678
sled,0.09059205137618709,0.5015352429119583,-0.09605018722412102,0.09059205137618709
sleep,0.09872058409997495,0.4267409760481455,-0.5736299999146376,0.09872058409997495
sleepy,0.059509774829541257,0.23294966589419636,-0.68005910422681,0.059509774829541257
slide,0.1325752738027114,0.5176817905234109,0.13624576153216217,-0.1325752738027114
slide,0.1325752738027114,0.5176817905234109,0.13624576153216217,-0.1325752738027114
slipper,0.018321318688394095,0.3116376706249464,-0.10880512429879301,-0.018321318688394095
slow,0.07149930273160655,0.6576887492246508,-0.24144847595927693,-0.07149930273160655
smile,0.656635013775628,-0.2821105803506335,0.2521978368530568,0.656635013775628
sneaker,0.025090482085525792,0.5323637167658787,0.09218637851613641,-0.025090482085525792
snow,0.036867212218406456,0.24589759173233575,-0.13556559592359105,0.036867212218406456
snowman,0.08827456588822442,0.36001004571332845,-0.059147794772155184,0.08827456588822442
snowsuit,0.08567428403994692,0.4565579815782546,-0.21197952714340199,-0.08567428403994692
so,0.13135300512058326,1.199040716650802,-0.02482542250365709,0.13135300512058326
soap,0.04593215713456191,0.4222560737933033,0.015052466911787346,0.04593215713456191
sock,0.025725289605729732,0.48147596833591216,0.056954285776476,-0.025725289605729732
soda,0.07989921213848178,0.49210417337598616,-0.05765529158335521,-0.07989921213848178
soft,0.2613107811018982,0.2807837291175338,-0.06107168638672634,0.2613107811018982
some,0.4470304349850242,0.7123048805028498,-0.010645460940301348,0.4470304349850242
soup,0.08027084349612701,0.4822069814663174,-0.11783296246607067,0.08027084349612701
spill,0.16618065392524548,0.3719910704150151,0.11401145928091636,-0.16618065392524548
splash,0.06837126117368426,0.19592287459687804,0.3871285419976075,0.06837126117368426
spoon,0.006347457714323106,0.41094280426390206,-0.206360111126744,0.006347457714323106
squash,0.06622901014848792,0.4468931345037042,-0.02330321268750531,-0.06622901014848792
squirrel,0.01998743421036459,0.6588014382466678,0.1000181195889176,-0.01998743421036459
stairs,0.19629017633388804,0.5514093836520545,-0.14584555280724634,-0.19629017633388804
star,0.15593680789642542,0.6895344094210476,0.16936213254641472,0.15593680789642542
stay,0.11936961827409788,0.8025104238517063,0.01291876405584439,0.11936961827409788
stick,0.1449570289752665,0.9157221583298434,0.05579877654873459,-0.1449570289752665
sticky,0.11393561493393649,0.3900003884561829,0.03577299905999383,-0.11393561493393649
stone,0.03935484466429544,0.7505279331730862,-0.229449686199886,-0.03935484466429544
stop,0.2537152739570951,0.7699254053386331,0.09555449804386563,-0.2537152739570951
store,0.14742508624285663,0.9248879203231514,0.1812262979658431,0.14742508624285663
story,0.2996562523897327,0.966853371313963,0.27272239287106076,0.2996562523897327
strawberry,0.04661793758518425,0.42281121344347466,-0.10338423085822805,0.04661793758518425
stroller,0.004007440835968402,0.4754453238079561,-0.09751195179765208,-0.004007440835968402
strong,0.24774897215447303,0.7213376846313055,0.24313556079005982,0.24774897215447303
stuck,0.25935128503844057,0.7293707381538783,-0.28803578821860587,-0.25935128503844057
sugar,0.11410242739124273,0.40317972061222945,0.020477499292288658,-0.11410242739124273
sun,0.1892325634691702,0.42505304831997687,-0.23986191233075732,0.1892325634691702
sweater,0.005819383289221785,0.43115581391254204,-0.06141031745337024,-0.005819383289221785
sweep,0.0476425675784139,0.445352705587158,0.004732847748140833,-0.0476425675784139
swim,0.1067176563565244,0.3573800740347974,-0.17936275750510453,0.1067176563565244
swing,0.1552822302581337,0.5648793007287428,0.044627818387244875,0.1552822302581337
swing,0.1552822302581337,0.5648793007287428,0.044627818387244875,0.1552822302581337
syrup,0.02511507370519193,0.48957759874330076,-0.27408526531557087,0.02511507370519193
t-shirt,0.09381455738655906,0.5153168548167467,-0.039181447885616116,-0.09381455738655906
table,0.09838577406513488,0.9756255677669091,0.11324650138427392,0.09838577406513488
take,0.12946832537881758,0.9368559519823827,-0.026342788186690634,0.12946832537881758
talk,0.12596291669030102,0.6141545739187005,0.23810632739577925,0.12596291669030102
tape,0.1072639062032285,0.7265730130802696,0.14013376768775251,-0.1072639062032285
taste,0.4206722672716695,0.3090620713777908,0.3230816471465183,0.4206722672716695
teacher,0.22287250103128797,0.8577052154369831,0.08045077931974003,0.22287250103128797
tear,0.34648851361406535,0.28147957433292164,0.12002222446513595,-0.34648851361406535
teddybear,0.23020733375732966,0.2936414541334564,-0.12412782555626743,0.23020733375732966
telephone,0.06477297216954263,0.7613191551731049,0.07024772748734866,0.06477297216954263
tender,0.2957286686912611,0.41363958122335226,-0.07359242678503376,0.2957286686912611
thank you,0.37688968458484323,0.6327947455903149,-0.07276822485206358,0.37688968458484323
that,0.31903490119898864,1.328511295114147,-0.063788003355091355,0.31903490119898864
the,0.23326493411923613,1.298511105885597,0.0011125533539767802,0.23326493411923613
there,0.16125492203919342,1.3088175373075037,-0.23877701411345142,0.16125492203919342
these,0.24983803280522132,0.7908517171350012,0.04252560873491713,0.24983803280522132
think,0.04923644161102242,1.0387895990326488,-0.11124005699623019,-0.04923644161102242
thirsty,0.15275601765323601,0.5958575929302715,-0.24110143185372224,-0.15275601765323601
this little piggy,0.21264468066375442,0.7166329655968672,0.1164208854075071,0.21264468066375442
those,0.2803038413611119,0.8399331605863786,0.025114370057539897,0.2803038413611119
thumb,0.10035707155948329,0.7888055071416483,-0.029474054861067696,-0.10035707155948329
tickle,0.0618646262570967,0.12575678840625623,0.21378482249610375,0.0618646262570967
tiger,0.05708658547076159,0.5600616229328194,0.1327482411246709,0.05708658547076159
tights,0.05613284914308696,0.4609510594162051,-0.07924136844699008,-0.05613284914308696
time,0.29959263306115513,1.420486275722707,-0.05647911195630746,0.29959263306115513
tired,0.19776313909144327,0.2494643281982452,-0.5211214940035851,-0.19776313909144327
tissue,0.018098293278335547,0.6283902419240303,-0.008770114053560736,-0.018098293278335547
toast,0.03641228631863758,0.5451476363897261,0.02303541079837983,0.03641228631863758
today,0.008336577620624057,1.0594558854964353,0.04558683595579587,-0.008336577620624057
toe,0.17361643466186807,0.5905359673737358,0.03347401120247109,-0.17361643466186807
tomorrow,0.10543915767253004,0.8202889639900834,-0.059728219374888154,-0.10543915767253004
tongue,6.972481333386101e-4,0.47772316692523675,0.13401998467335105,-6.972481333386101e-4
tonight,0.02072588984670372,0.5771136640565538,-0.10838434787639091,0.02072588984670372
tooth,0.07881746729435479,0.6992117733120964,-0.0027441790757177916,-0.07881746729435479
toothbrush,0.050245860407240064,0.4848296158970396,-0.058131698891078575,0.050245860407240064
touch,0.4175568946956632,0.1185113625611238,0.46661391758630616,0.4175568946956632
towards,0.09203507167046163,0.8675062050074196,0.075902355167315,0.09203507167046163
towel,0.08921560992299653,0.5416492050117337,-0.12186842742244149,-0.08921560992299653
toy,0.3709202935269164,0.4789073491255878,0.31082124260930255,0.3709202935269164
tractor,0.08743825281482186,0.6474425961898039,-0.13458281516427645,0.08743825281482186
train,0.047066728718538675,0.757172386529993,0.09675818345195716,0.047066728718538675
trash,0.31484875913759053,0.511453759852064,0.18186822332651473,-0.31484875913759053
tray,0.020012240567568982,0.6390216948668844,-0.09747297195400086,-0.020012240567568982
tree,0.09911904711602172,0.8254775537015305,0.027768347493415956,0.09911904711602172
tricycle,0.04652483853622547,0.5075711848282467,-0.11306130271828241,0.04652483853622547
truck,0.014245783451827426,0.8696468515839042,0.12901015064497745,0.014245783451827426
try,0.22017486751729126,1.0690400477828916,0.041501666571174954,0.22017486751729126
tummy,0.03856108645029814,0.20247191230298744,-0.19157789437102746,-0.03856108645029814
tuna,0.03389132219491129,0.4930821096344024,-0.045051060502472345,0.03389132219491129
turkey,0.10243526425959863,0.4928635351683797,-0.0780935554436205,-0.10243526425959863
turtle,0.2546360280631243,0.5327017678363097,-0.11365911848049653,0.2546360280631243
tv,0.09627484032083183,0.5615355608293457,0.040607650509819446,-0.09627484032083183
uh oh,0.05913959180976058,0.524823338577495,0.05517200296854115,0.05913959180976058
uncle,0.004491138070540571,0.6013959751573844,0.07765691765247314,-0.004491138070540571
under,0.1035060590624464,0.9222099355149163,-0.11791126153288399,-0.1035060590624464
underpants,0.06404132442628123,0.5536185525324515,0.1461540562551933,-0.06404132442628123
up,0.05423812755773113,1.0684801291738302,0.009193093609954173,0.05423812755773113
vacuum,0.08712047385475617,0.5347136279832884,-0.11188246291759384,-0.08712047385475617
vagina,0.008483010869702361,0.3265609292663319,0.0837321124727192,-0.008483010869702361
vanilla,0.08381713630515204,0.3994101300058167,0.06767546013853444,0.08381713630515204
vitamin,0.04117465384765231,0.6105095698467702,-0.2716441525053809,0.04117465384765231
vroom,0.0864052487680374,0.3902970748596769,0.05370214661960406,0.0864052487680374
wait,0.14795434223762477,0.7808876492307474,-0.004225029489841365,-0.14795434223762477
wake,0.3587462859422061,0.5109943496209993,0.0356185606044913,-0.3587462859422061
walk,0.03717821187420588,0.6209449050813055,-0.06233298393720049,0.03717821187420588
want,0.22516732968488737,0.44684212693169534,0.38477767467429536,0.22516732968488737
was,0.18578499337503684,1.2926597315818997,-0.2534263203672588,0.18578499337503684
wash,0.19410507586371054,0.3311295172212557,-0.09808675752174571,-0.19410507586371054
washing machine,0.035651280699189124,0.6412969436504833,0.052655584517594056,-0.035651280699189124
watch,0.23243593163668985,0.5513280495371847,0.21367169041004727,0.23243593163668985
watch out,0.142443728454072,0.7517496404189471,0.09751973171610966,0.142443728454072
water,0.2648039364168833,0.6505310801163171,0.08462871502496823,0.2648039364168833
water,0.2648039364168833,0.6505310801163171,0.08462871502496823,0.2648039364168833
watering can,0.09276014395961822,0.6262289258314734,-0.17686513667376141,0.09276014395961822
wet,0.09332885375121341,0.2979738843296474,0.010213272013860424,-0.09332885375121341
what,0.2200038543250275,1.2565862922186055,0.10532256112211098,0.2200038543250275
when,0.19739855959957855,1.1972112492564637,0.10878795951798104,0.19739855959957855
where,0.2958328383796811,1.1227380110545568,-0.008439395244840513,0.2958328383796811
which,0.15824214887230983,1.1551822518796802,-0.24172342245138467,0.15824214887230983
white,0.06718332497641397,0.5143291181304422,0.27263691263733214,-0.06718332497641397
who,0.3475297210073805,0.875070581986123,0.02471455067281986,0.3475297210073805
why,0.13039421591615777,1.6742984799806861,-0.26163183551313557,0.13039421591615777
wind,0.053263793604671365,0.4349136556419569,-0.022506004982722365,-0.053263793604671365
window,0.1644544066123495,0.9223575951744103,-0.02227848307903725,0.1644544066123495
windy,0.1502182887275474,0.4072344476876555,-0.35545608336839013,-0.1502182887275474
wipe,0.21383730616685695,0.4768060155203642,-0.03059817345495866,-0.21383730616685695
wish,0.5868078131608095,0.20082084094053845,0.11380687417433698,0.5868078131608095
with,0.35746957327484447,0.8348434842077118,0.12410661261201567,0.35746957327484447
wolf,0.19730276708632064,0.5885861762345385,0.11414417407414051,-0.19730276708632064
woof woof,0.0345636452505897,0.46437675427724995,-0.08265639532827587,-0.0345636452505897
work,0.29946065148573325,0.9159967094320368,0.13434670189663567,0.29946065148573325
work,0.29946065148573325,0.9159967094320368,0.13434670189663567,0.29946065148573325
write,0.042178265850713964,0.8681039521909069,-0.0798201661548995,0.042178265850713964
yard,0.06833490282194402,0.6769231463739733,0.025945881942394826,0.06833490282194402
yellow,0.036589174848309695,0.42824873721192297,0.2780505235345413,-0.036589174848309695
yes,0.06549674394989806,0.9179724938990996,0.03667321090861752,0.06549674394989806
yesterday,0.10591443355336075,0.8320107326416825,-0.08551498536288117,-0.10591443355336075
yogurt,0.024370948346749882,0.48966826097120364,-0.12778171099460936,0.024370948346749882
yum yum,0.08554216224950328,0.3259778418504184,-0.10558920943830907,-0.08554216224950328
zebra,0.00387049887505867,0.5779459900354238,0.018122394513479627,0.00387049887505867
zoo,0.046395278727859146,0.5176697775405832,0.01606659513759222,0.046395278727859146
able,0.23034016797047904,0.9404585690672309,-0.13918349231154584,0.23034016797047904
angry,0.5754936876058304,-0.08602716950612407,0.43027829214695595,-0.5754936876058304
as,0.3078024190986083,1.0230931926302076,0.12178481153612132,0.3078024190986083
attach,0.043819226127656846,0.6199897853533446,-0.060576255618855046,-0.043819226127656846
balcony,0.13017266566051003,0.5319702581677926,-0.08746023189127665,0.13017266566051003
bang,0.2080776670411077,0.4854025786285789,0.33666680267832466,-0.2080776670411077
bathtub,0.07348368662607845,0.3818461707459276,-0.21639030612574295,0.07348368662607845
below,0.10283227918946104,0.8124857450714735,-0.13432851400251622,0.10283227918946104
brush,0.1663319290118303,0.5766786237764238,-0.009928268359653172,-0.1663319290118303
bug,0.13597687500362485,0.4903040813733407,-0.07371361386154603,-0.13597687500362485
by,0.15914328098563713,0.9427606514295807,0.02694633975374633,0.15914328098563713
call,0.025746544878993947,1.024570282852658,0.21453831645244323,-0.025746544878993947
can,0.25701287405373835,0.6846429608284843,-0.14075497080134444,0.25701287405373835
careful,0.0689002191549945,1.3526161784139832,0.04226453043812606,0.0689002191549945
choose,0.1799272696386086,0.9770477377402821,-0.05127308528455292,0.1799272696386086
clap,0.057875608098641534,0.2400033722200542,0.05835958687376954,0.057875608098641534
closet,0.31507782518751554,0.46472782334980245,0.11057044370228664,-0.31507782518751554
coke,0.07290867288954112,0.4451328290156442,-0.10023405635206027,-0.07290867288954112
come,0.0770787732754443,0.6855604692875525,0.11784461669656822,0.0770787732754443
compote,0.031178468587819894,0.47175305217948743,-0.3075072539848043,-0.031178468587819894
cookie,0.06714610862284992,0.5493193324677745,-0.08756296386181528,0.06714610862284992
corn,0.12178777754073956,0.6089912671060796,0.045440949066675874,-0.12178777754073956
cowboy,0.14329012237097344,0.4246241529041686,-0.01889380154917691,0.14329012237097344
crayon,0.040838853122957416,0.5627679123129048,-0.0722382323290234,-0.040838853122957416
crib,0.04884091108582171,0.6708224602657447,-0.06826600577117867,-0.04884091108582171
cucumber,0.07596354055572803,0.34490465836411754,-0.2586360196348914,-0.07596354055572803
cuddle,0.3963679056805993,0.0436771703969316,-0.09350553527365847,0.3963679056805993
donut,0.018150858536938957,0.48929204870473164,-0.16597484423726008,-0.018150858536938957
drop,0.13502948495088363,0.6820037263363512,0.043193395874692155,-0.13502948495088363
finished,0.1692408855778035,0.9474872101560572,-0.2151230836279453,0.1692408855778035
get off,0.021795665768573072,0.7990942142496793,0.08401703129287218,0.021795665768573072
get on,0.10261489839296778,0.9274980133431578,0.10346155146830435,0.10261489839296778
glue,0.11320022603624455,0.4634799702323949,0.010685264122096624,0.11320022603624455
go around the house,0.05551593969478434,0.9492133198537226,0.06677427295833502,0.05551593969478434
go potty,0.07419919854232532,0.7318663715106862,-0.08152544949147665,-0.07419919854232532
gonna get you,0.1794886800043641,0.8351054540297298,-0.06418180925862402,0.1794886800043641
home,0.3814713542315848,0.5924962651145811,0.3539332143033605,0.3814713542315848
in front,0.00893446507092659,0.94323352612938,0.17985401875413612,0.00893446507092659
jello,0.0058828929477370406,0.38839069153833156,-0.278911812673859,-0.0058828929477370406
later,0.09793965724102206,1.065169151096458,-0.04099776828247891,-0.09793965724102206
look for,0.32918881038769593,0.8774397037049012,0.11091469337812628,0.32918881038769593
many,0.28759605611132555,0.4028367862191389,0.1183238916411476,0.28759605611132555
moose,0.05349200635770146,0.5589396648724717,-0.16031340494324536,0.05349200635770146
more,0.42402500355256817,0.7786691727284832,0.10782264788298146,0.42402500355256817
mustache,0.09645699628052214,0.460273572458812,0.03558421967205175,-0.09645699628052214
ok,0.0761005550940396,0.609245145921708,-0.09309717787490124,0.0761005550940396
panda,9.463023379713226e-4,0.4695892240766093,-0.022618250611496506,-9.463023379713226e-4
pattycake,0.07980531412318137,0.398203171667425,-0.03624440616095997,-0.07980531412318137
peanut butter,0.018847687775250723,0.48973453955294244,-0.041039920814811844,0.018847687775250723
penny,0.05347058604016732,0.5313919707453415,0.040474270634542876,0.05347058604016732
pick up,0.03858122881271014,1.0374626047381978,0.046480585883326264,0.03858122881271014
picture,0.36915419658994825,0.9448858501158199,0.0770150788289847,0.36915419658994825
pipe,0.0450354958647855,0.6775922189150949,-0.05757674142409061,-0.0450354958647855
play dough,0.08514241088388086,0.6334479028428162,-0.0034978108067470065,0.08514241088388086
play pen,0.08495036469294792,0.6659196400106311,0.11507188029127646,0.08495036469294792
poor,0.020898057485245192,0.6109219439360485,-0.15696081209216256,0.020898057485245192
pot,0.023796388611876978,0.5618844104873318,0.048207598940706246,0.023796388611876978
pumpkin,0.07111942500075184,0.3604514136133704,-0.12751539825622604,-0.07111942500075184
purse,0.022056733862527902,0.5549800301799463,0.1672434794705689,0.022056733862527902
quiet,0.5748507269574054,0.3001708317316209,-0.3417332498205094,0.5748507269574054
remove,0.27887072567497234,0.6695014237325557,0.04903659810450421,-0.27887072567497234
ribbon,0.11067609632820674,0.5263457817754098,-0.01934892779256751,0.11067609632820674
rock,0.04584254715968767,0.41717489183380213,0.06098557724216861,0.04584254715968767
rocking chair,0.01705016874648688,0.6068793653861941,-0.03419391268453347,0.01705016874648688
round,0.03894225961468969,0.7942180536383433,0.0113338613228806,0.03894225961468969
sand,0.07609259578924864,0.47080735770080256,-0.17074539620780047,0.07609259578924864
sandal,0.03320965322180856,0.48375738818523645,-0.021663520980470675,-0.03320965322180856
shoulder,0.16972807743821142,0.5466479544029973,0.013301553562238003,-0.16972807743821142
similar,0.1354361337407639,0.718091624866005,0.1414261411039378,0.1354361337407639
snack,0.09909974858659952,0.6570574565821339,-0.05487502199092064,0.09909974858659952
sometimes,0.13129642346483228,0.7237349138121367,-0.13765322739887975,0.13129642346483228
soon,0.0365614193519183,0.4849719876000899,0.21754170045275648,0.0365614193519183
spit,0.28295988628969254,0.3066352604744316,0.3370051043520161,-0.28295988628969254
standing,0.07835738622187409,1.139162844542029,0.06097632209973967,0.07835738622187409
step,0.10343742720579588,1.2977077377877806,0.11522271415205775,0.10343742720579588
stir,0.1712034712238811,0.17155257568104448,0.09690215818209805,-0.1712034712238811
stove,0.06260401001365871,0.563529675035027,0.01304472433404772,-0.06260401001365871
street,0.058710623535143384,0.7730853956811249,0.3842058602839314,-0.058710623535143384
then,0.11401071613945565,1.2170085736614618,-0.08156600515745463,0.11401071613945565
this,0.1517131421256911,1.1876989822871533,-0.09915251909793504,0.1517131421256911
throw,0.21026100529952899,0.7018531571830953,-0.001000554306808686,-0.21026100529952899
too,0.04542551614523682,0.7517698490971242,0.0054993320929400385,-0.04542551614523682
turn,0.09183799506352831,0.8116657247653554,0.40996582539857845,-0.09183799506352831
turn around,0.057130328767761335,0.8495534427436193,0.23128442658691714,-0.057130328767761335
turn on,0.07141658245351389,1.0305806110143374,0.2599463743162832,-0.07141658245351389
wanna,0.02462472140627037,0.4375376028555801,-0.013249044106376956,-0.02462472140627037
wheel,0.040005973457594525,0.6164409740929992,-0.08081854440203612,-0.040005973457594525
yucky,0.35405127147997956,0.02966091742551445,-0.23710726331448384,-0.35405127147997956
zipper,0.060519189913699,0.4990832671655469,-0.002887742996776921,-0.060519189913699
afternoon,0.18311694633411543,0.6253769946065703,-0.1310287183765174,0.18311694633411543
answer,0.13324651920833722,1.3571874832984128,-0.07162560745715019,0.13324651920833722
any,0.09292747048165424,0.9088915493567322,-0.05261588562988487,0.09292747048165424
apron,0.051389613951846304,0.5311753058898114,-0.03977594913690991,-0.051389613951846304
away,0.16841855956558516,0.5993512639154907,-0.14104671804668226,-0.16841855956558516
baby food,0.18602201687073674,0.6689841901345399,0.24645918192322985,0.18602201687073674
baker,0.08336554427493362,0.518292994594057,-0.13064825848463144,-0.08336554427493362
balloon,0.10921973220258221,0.5328509181835458,0.10077272716866066,0.10921973220258221
bar,0.07485001538447177,0.8362200179177697,0.07658832565465343,0.07485001538447177
barber,0.02387076535688799,0.46740442357010376,-0.09475141043218371,-0.02387076535688799
bell,0.1124562431529975,0.5547506967986009,-6.928248237277167e-4,-0.1124562431529975
beside,0.20739604747621557,0.8042268105679437,-0.16496461419291902,0.20739604747621557
between,0.05951437450455006,1.061096877048848,0.05991209049590248,0.05951437450455006
bidet,0.02652736356672829,0.3604536912852293,-0.1252300509736168,-0.02652736356672829
bitter,0.649016699770009,-0.11091148231945634,-0.1058793719419178,-0.649016699770009
boom,0.27486700265665087,0.45763908488737254,0.28874635303313884,-0.27486700265665087
boot,0.15369774428184557,0.5987784304200298,0.26405691267158476,-0.15369774428184557
breast,0.14076169977275338,0.42783348171920776,-0.03200716838761447,-0.14076169977275338
cap,0.06431033448171088,0.8262483920361811,0.0020409203161442114,-0.06431033448171088
carousel,0.07629168883187584,0.3455790001647006,-0.08590560165606022,0.07629168883187584
carpet,0.049656550173163054,0.4870960770131487,0.039867872608677295,-0.049656550173163054
cherry,0.09659103589949843,0.5227136302523241,0.05862168108508093,-0.09659103589949843
chick,0.043205150647611865,0.591139875342625,0.0536897097035763,-0.043205150647611865
city,0.15531260519753076,0.7902157749327313,0.10133980180410354,0.15531260519753076
clip clop,0.004544225603245144,0.4702930215465294,0.06814105080790338,-0.004544225603245144
cocoa,0.15162114894706216,0.3875065545240507,-0.13996379852251742,0.15162114894706216
comb,0.08296097154694222,0.5660727722543651,0.04372820881559835,-0.08296097154694222
cousin,0.08603033877976561,0.8370229719236884,0.23561119145818363,0.08603033877976561
cover,0.07730306895346528,0.8149981384066992,0.1252327412714703,-0.07730306895346528
crane,0.02775424244582872,0.6312277296091265,-0.19307121022295304,-0.02775424244582872
cream,0.005817341386676321,0.3793288749822341,-0.14926827017828087,0.005817341386676321
descend,0.18608664922222157,0.48292635215860624,-0.07938414624183282,-0.18608664922222157
dirty,0.31420595992569283,0.2887340864616309,0.2884157681576136,-0.31420595992569283
doorman,6.650034767149725e-6,0.42815383528623085,-0.015906175160966266,-6.650034767149725e-6
drawing,0.28867479209660213,0.9976599891904911,0.10576352523870623,0.28867479209660213
drum,0.024879563950361547,0.4849794563837689,0.10465212687917716,-0.024879563950361547
early,0.0955390499957309,1.0167254247934776,0.1860606734503917,-0.0955390499957309
elevator,0.021867562073818698,0.47466134288324047,0.052732213613505254,-0.021867562073818698
enter,0.033211174539354626,0.6917975354494595,-0.07768529276898332,0.033211174539354626
escape,0.14831131242425033,0.23990928886340843,-0.10164769703028657,-0.14831131242425033
fawn,0.02676734833523832,0.40086467772170303,0.028438883275426867,0.02676734833523832
fight,0.34020940252321685,0.7146239922282818,0.3343020453884757,-0.34020940252321685
fly,0.17308015638851632,0.5850643205141577,0.18602677045666516,-0.17308015638851632
fly,0.17308015638851632,0.5850643205141577,0.18602677045666516,-0.17308015638851632
fog,0.4170496015902251,0.2873426378679535,-0.6337866390974158,-0.4170496015902251
fountain,0.3226282878671492,0.3531589391731378,-0.009596225058363684,0.3226282878671492
front,0.019154517823212647,0.8332001858051987,0.3424468596251815,0.019154517823212647
gas,0.1521592708747549,0.5401521055847582,0.12050196408179902,-0.1521592708747549
gentle,0.6916195803313734,0.02050113506723707,-0.07626756530285159,0.6916195803313734
go out,0.02190644161921647,0.9177606387907833,-0.04155209550533756,-0.02190644161921647
go-ahead,0.08073706915634235,1.0596310949503276,-0.012285555544997093,-0.08073706915634235
greet,0.3702169066190704,0.1090490248866183,0.2973744246501062,0.3702169066190704
grocery,0.09828394761064053,0.5811744360735362,0.08266125704948288,-0.09828394761064053
gun,0.14822418723865327,0.607128164331002,0.2223935010635111,-0.14822418723865327
hairdresser,0.08381831133889531,0.46324000883486266,-0.04448930728378151,-0.08381831133889531
has,0.2606800751036169,0.9974305834010289,-0.26228046849766445,0.2606800751036169
has to,0.28451282762554675,1.12451414122022,-0.09749118260033258,0.28451282762554675
have to,0.24750048023649834,0.9783684364744958,-0.043757406521662365,0.24750048023649834
hen,0.06486600590009475,0.5432990935532617,-0.03806135552365286,-0.06486600590009475
hippopotamus,0.017982114066400785,0.4988159896060996,-0.12900144938130442,0.017982114066400785
honey,0.26217877601936657,0.2823048624791547,-0.014052863001347391,0.26217877601936657
hospital,0.10429560996734984,0.6614797765710558,-0.05667992956977462,-0.10429560996734984
iron,0.1583370329366225,0.5549428995295891,-0.0419729593927857,-0.1583370329366225
jeep,0.05226381896383561,0.6267935819447489,-0.10189216250712095,0.05226381896383561
kindergarten,0.026850803477971256,0.7173504385168187,0.18394917802942243,0.026850803477971256
know,0.12038121603641436,0.7265625726843307,0.11978623564635134,0.12038121603641436
late,0.23897689530211885,0.8546849025209651,-0.06736326279585729,-0.23897689530211885
laugh,0.19574610540827708,-0.17442993177924757,0.49770648279623453,0.19574610540827708
lawn,0.059752134202326716,0.5440416799186442,-0.013088176665095961,0.059752134202326716
leaf,0.06051801625087174,0.7255281544604698,-0.1513219922202493,0.06051801625087174
light,0.19567969120290188,0.6678385609584414,0.09508038654869387,0.19567969120290188
make,0.14173686379808698,0.9399223560695955,0.07823531192500287,0.14173686379808698
market,0.027024235040376387,1.3339766166413134,0.35082517031533744,-0.027024235040376387
meatball,0.027774523588568537,0.4869219072385519,-0.07698443167035927,-0.027774523588568537
mirror,0.13039668542267266,0.6223223825577325,-0.043954344621021796,-0.13039668542267266
mosquito,0.015951207778621364,0.4578142719598361,-0.20326878638154358,-0.015951207778621364
mountain,0.04542271594190521,0.5974853085607481,-0.08065124341895077,0.04542271594190521
much,0.24943151654466927,0.5543487990414935,0.1804088125610966,0.24943151654466927
nail,0.146781256948638,0.6620324664830302,-0.06142494705012993,-0.146781256948638
no more,0.19747713453309146,0.800041809070859,0.0061780240692016555,0.19747713453309146
nothing,0.04091172066097175,0.6396341835922047,0.0069928988964463295,0.04091172066097175
oil,0.031140293922438975,0.5826040696587935,0.042323874433012464,-0.031140293922438975
one two three,0.24724559247883995,0.9134634677025835,0.07990742067086148,0.24724559247883995
orange juice,0.07320533327430023,0.46233256767530434,0.08305956791828609,0.07320533327430023
out,0.05245152527145411,0.9521712313007095,-0.01863222697782796,0.05245152527145411
painting,0.22090808950713942,0.7692216828646341,-0.22864556790259677,0.22090808950713942
peach,0.08586134316602353,0.4631390742136689,-0.1244071434741786,0.08586134316602353
pear,0.07439919834616471,0.4622980689889796,-0.17357113399689553,-0.07439919834616471
playhouse,0.07935490579425938,0.46446698663405533,-0.015426959899651451,0.07935490579425938
porch,0.11747665633818484,0.4696212034877066,-0.17151118390781092,0.11747665633818484
pump,0.04049595795170558,0.4792002379554027,0.1609806384733102,0.04049595795170558
puppet,0.11273164395244682,0.535972646456294,0.1180704705153047,-0.11273164395244682
radiator,0.034194801976574075,0.5785523430319999,-0.16221369110514075,-0.034194801976574075
rice,0.024321792740638094,0.5015286392578734,-0.029597750667890017,-0.024321792740638094
ring around the rosie,0.09339523158261168,0.8014681083887022,0.01685039119324734,0.09339523158261168
rip,0.24662088277585026,0.41959518801542817,0.11621740400531304,-0.24662088277585026
salty,0.04292410065981652,0.24825240430453696,-0.12900473523125844,0.04292410065981652
sea,0.2253964275386171,0.3270537081093122,-0.266486308115657,0.2253964275386171
seal,0.13108430138081573,0.5980027380286507,-0.04817695310244002,0.13108430138081573
search,0.22537448744683775,0.6901288483393083,0.23193222647278702,0.22537448744683775
shampoo,0.025094727432462226,0.446105504723516,-0.009551040670374133,0.025094727432462226
short,0.02062759705242741,1.031328112965735,0.0093310440405954,-0.02062759705242741
should,0.15014551119956632,1.2970889254038047,-0.16049649515086922,0.15014551119956632
shout,0.15232028356405303,0.10452520142787786,0.43372451927970535,-0.15232028356405303
silly,0.15854326500652677,0.5881362266164063,0.1934882756890777,-0.15854326500652677
sir,0.01738454296567646,0.6030224486351764,-0.10622899679148483,-0.01738454296567646
skirt,0.09654564141180688,0.5981334959744861,0.21082800002338456,-0.09654564141180688
smoke,0.2586761108937984,0.3532741305770175,0.027086681715816796,-0.2586761108937984
soil,0.12553474378807977,0.662500208844096,-0.06682662763828143,0.12553474378807977
soldier,0.024904920562757907,0.6687228623469211,-6.211092408682891e-4,-0.024904920562757907
spade,0.03759007473372096,0.5118705287126999,-0.19905560418163412,-0.03759007473372096
spaghetti,0.09948514270572545,0.48396003908924856,-0.08415377152165858,-0.09948514270572545
spinach,0.0415669812494338,0.36836629003653576,-0.23602645821948973,-0.0415669812494338
stand,0.09700024196176874,0.9699469182426477,0.09811130934303565,-0.09700024196176874
suspenders,0.009007962538120945,0.5435881161525642,-0.16659305551759243,-0.009007962538120945
sweet,0.6253409444258778,-0.015249772018632889,0.323097218622045,0.6253409444258778
tangerine,0.1392528286077426,0.24194911396235577,-0.15792315134663854,0.1392528286077426
tea,0.1389369606070852,0.36004858445561266,-0.166443263287759,0.1389369606070852
tell,0.16574659457771915,0.6381641123408598,0.08721446227767655,0.16574659457771915
thermometer,0.01504558587909908,0.5567677169497561,-0.11690186331088369,-0.01504558587909908
throat,0.28698760759827807,0.3483760356675364,-0.1106474890688881,-0.28698760759827807
tight,0.044504214256463746,0.6421174830835715,0.06599336414081512,0.044504214256463746
tomato,0.17803668562724143,0.5650728528043536,-0.034444865196326856,-0.17803668562724143
toothpaste,0.0225423180861808,0.4107777721170223,-0.011896420351720581,-0.0225423180861808
top,0.02505422847378401,0.8300236499780002,0.3462107213854618,0.02505422847378401
tortellini,0.027003978050855082,0.4248658861216977,-0.24285895141052388,0.027003978050855082
tower,0.15265434561672236,0.9286909292655733,0.09719087658227542,-0.15265434561672236
tracksuit,0.0551898745287436,0.506677660728063,-0.18528946136471575,-0.0551898745287436
trumpet,0.00784864055052001,0.5435541741878978,0.1738866680542725,0.00784864055052001
turn off,0.1522358150779086,0.9021768119208591,0.24050185414085107,-0.1522358150779086
tweet tweet,0.1740451061929994,0.7188496998112537,0.19164615980042563,-0.1740451061929994
ugly,0.6391699486358687,0.2365955315772389,0.12999498438908863,-0.6391699486358687
umbrella,0.0036443385526558655,0.7639065888433931,-0.04483443899980854,0.0036443385526558655
vegetable,0.003304808456994974,0.5668882297619383,-0.0521782602655261,-0.003304808456994974
wall,0.13308606589515354,0.6818524311685542,0.11469609083816011,-0.13308606589515354
watermelon,0.013435033341398858,0.5070472076911476,-0.10406439882983125,-0.013435033341398858
wine,0.05758418103403044,0.7017376377494009,0.033485678629491575,0.05758418103403044
woman,0.13738078451583163,0.7783024004358186,0.19410796947385883,0.13738078451583163
wrong,0.3285829493073523,1.1214735045971633,-0.01302138325337901,-0.3285829493073523
zucchini,0.09495989327772213,0.3465087460651806,-0.20627072666657909,-0.09495989327772213
REFL,0.1362022981407229,0.5275405819537753,-0.25098049178020126,-0.1362022981407229
accompany,0.10396498868534453,0.5178378149665033,-0.039695205961704894,0.10396498868534453
already,0.07390737728234902,1.1029383621314732,-0.055849992172192615,-0.07390737728234902
atole,0.021078594625750055,0.4428994863455831,-0.23175817034355622,-0.021078594625750055
back,0.008221821918907513,0.8922154138136681,0.20022619845702944,0.008221821918907513
bang bang,0.2080776670411077,0.4854025786285789,0.33666680267832466,-0.2080776670411077
bank,0.0054036441790889555,0.9636209048742537,0.05042303450986956,0.0054036441790889555
beard,0.16584060208631576,0.5143244999126347,-0.03752317065738349,-0.16584060208631576
bless you,0.38234500479978417,0.6363959887761224,-0.056243049263826735,0.38234500479978417
bookshelf,0.045098370607824984,0.6575098403322381,0.006038355268909162,-0.045098370607824984
breakfast,0.142192051169446,0.6856158934538192,-0.0904470891840498,0.142192051169446
burn,0.31293417308241644,0.3700993771088929,0.07981546557174403,-0.31293417308241644
candle,0.12092614877881859,0.43349129138793263,-0.15068161561255208,0.12092614877881859
chili,0.011431694469089758,0.4301333624659244,0.09882173921463867,-0.011431694469089758
cigarette,0.02097629785082512,0.46007466852714224,-0.19267850826326605,-0.02097629785082512
cloth,0.023383206046639612,0.6712332078677264,-0.11743441861488325,-0.023383206046639612
clothes,0.012314551879697891,0.5444236291352782,0.19621440119952402,-0.012314551879697891
colors,0.3181910307924279,0.7843573431523092,0.03465252720326649,0.3181910307924279
computer,0.004404614476586647,1.0176167279419088,0.15735117391136938,0.004404614476586647
dangerous,0.30056531125170444,0.647330060513749,0.2401118784731545,-0.30056531125170444
different,0.1455898799356862,0.8799390022923805,0.12012410880569337,0.1455898799356862
dine,0.03162544144839686,0.325848248182301,-0.08241260155828531,0.03162544144839686
doorbell,0.07504564042993978,0.41377488060464374,-0.03848097977674663,-0.07504564042993978
drain,0.2111353518160344,0.44692376717191745,-0.14420652289722663,-0.2111353518160344
earring,0.020929427207506315,0.5583395121815987,-0.13495725521651866,0.020929427207506315
factory,0.08960574113727504,0.7188358536979284,0.028808415308936405,-0.08960574113727504
family,0.41499890899710073,0.5983135764058112,0.4385506611357781,0.41499890899710073
fat,0.2829449568091299,0.47787544687140304,0.1510339132523301,-0.2829449568091299
field,0.14810770195173573,1.3169545428802771,-0.026223701744287824,0.14810770195173573
fire,0.14241681848693594,0.46505156494619476,0.362750311107869,-0.14241681848693594
firewood,0.009983741058315305,0.4980661512404185,-0.1822147480780913,0.009983741058315305
fit,0.01944253498182552,0.6810982510412754,0.06878907900053999,-0.01944253498182552
flower pot,0.19920005027688714,0.5197085029239288,0.10075710371909678,0.19920005027688714
furniture,0.09431054318501199,0.7039683989657466,-0.02454848661811161,0.09431054318501199
gain,0.30941091729662074,0.6721520011014349,0.16138871140483765,0.30941091729662074
godfather,0.061735270967063105,0.6675778079888642,0.024893466340876576,-0.061735270967063105
godmother,0.08712313257298973,0.5911036172696352,-0.02073252004479585,0.08712313257298973
good morning,0.31499278955722404,0.7229814486531465,-0.07941000891708011,0.31499278955722404
grill,0.06053659838054081,0.6384331926232606,0.09275105915497514,-0.06053659838054081
ham,0.01022931857870899,0.3931373606188099,-0.0201107628362943,0.01022931857870899
hands up,0.046272299396405495,0.9737913611243396,0.11146111643874013,0.046272299396405495
have hands,0.1124809257803,0.792120883492215,0.02945811146360104,0.1124809257803
hill,0.07634406291408748,0.5803284196945524,-0.06411938046928668,-0.07634406291408748
honk honk,0.05423603151645931,0.22857804238941518,0.13228250956462015,-0.05423603151645931
hot dog,0.06992722757615669,0.5326164558791062,0.32742244738039566,0.06992722757615669
hurt,0.32468130244911586,-0.021183992325854203,0.21617739073729034,-0.32468130244911586
jelly,0.06897211670250346,0.3307660080556446,-0.04284973128901659,0.06897211670250346
kid's song,0.3291064452018948,0.43477600197493166,-0.11463823979434751,0.3291064452018948
leave,0.12425159651508305,0.7282070517360211,-0.14372834026718045,-0.12425159651508305
lemonade,0.09192074797018703,0.42275194773027003,-0.23297143012943677,0.09192074797018703
lie down,0.12526291275779405,0.8046325300322275,-0.16334193787383144,-0.12526291275779405
look at me,0.12805166839541077,0.6933810893036056,0.044890003193175675,0.12805166839541077
lower,0.03902919756266781,0.7961071688091528,0.009642171627484038,-0.03902919756266781
lunch,0.004642601340950398,0.6942301053079383,0.066887498103479,0.004642601340950398
matches,0.15432219295103,0.8125094510911914,0.022408190064762,0.15432219295103
miss,0.09107872388963029,0.272258965570951,0.06161611927862181,-0.09107872388963029
mistake,0.5045249653368347,1.1869022963225635,0.03006990864392113,-0.5045249653368347
newspaper,0.03903781943146108,0.8520314813834186,0.04957804027567475,-0.03903781943146108
noisy,0.21564534453303777,0.4831296011304083,0.007774504910796942,-0.21564534453303777
office,0.04708601971603222,0.8682432916744387,0.26490871860975473,-0.04708601971603222
or,0.003944214908761183,1.1281636019464965,-0.12688360302988091,-0.003944214908761183
ox,0.010068130171327468,0.5649139246629235,0.005362906730682363,0.010068130171327468
patio,0.2509758703138337,0.5667408650152617,-0.08071352116988792,0.2509758703138337
peanut,0.07450291095158279,0.49487342004203827,0.03550362568939995,0.07450291095158279
pen,0.00883454799877397,0.6515648682801941,0.029280593483005813,-0.00883454799877397
pink,0.04153309565007954,0.3511359047550278,0.2825355843236839,0.04153309565007954
priest,0.09756705536286375,0.7037468627264061,-0.17073535668207357,-0.09756705536286375
purple,0.09090108157836263,0.33198415439536477,0.17729729001572836,-0.09090108157836263
quesadilla,0.031906812391079065,0.4651815858880123,-0.14229717627142324,-0.031906812391079065
quickly,0.005121430137510813,0.6001580535386,0.28525799574414407,-0.005121430137510813
quiet,0.5748507269574054,0.3001708317316209,-0.3417332498205094,0.5748507269574054
river,0.19036391409117448,0.632828800003015,-0.10378409818193475,0.19036391409117448
rug,0.04818022690339375,0.5722600635568593,-0.1395612287143009,0.04818022690339375
skate,0.006389430172055807,0.34990930782893404,-0.048721628445820266,-0.006389430172055807
slowly,0.012912697166025361,0.47716513410233957,-0.11218200433111411,-0.012912697166025361
smoothie,0.02044701075943605,0.4489933624301802,-0.17184298631165326,0.02044701075943605
snake,0.06793031312001176,0.5638162640191156,0.13678518015779279,-0.06793031312001176
spider,0.1334695263779188,0.3754960822071115,0.09299600999779305,-0.1334695263779188
taco,0.01088441783963919,0.4788275863461886,0.053050904436586256,-0.01088441783963919
tall,0.03819486351060692,0.688141958218402,-0.06871818530439963,-0.03819486351060692
thin,0.13113986386590826,0.6224227686727309,-0.18064501366790728,-0.13113986386590826
tie,0.009562563265709464,0.77564044883485606,0.016665669244478036,0.009562563265709464
to,0.3083455801474766,1.2515976990394109,0.06729810329699928,0.3083455801474766
tortilla,0.03237572418132619,0.4469657710687028,-0.12872489914515373,-0.03237572418132619
tough,0.0281320425627934,0.7490848838217707,-0.1607747026980916,0.0281320425627934
watch,0.23243593163668985,0.5513280495371847,0.21367169041004727,0.23243593163668985
well,0.24787880865853085,0.5364219090851658,0.0575283978089054,0.24787880865853085
wet,0.09332885375121341,0.2979738843296474,0.010213272013860424,-0.09332885375121341
afraid,0.39531914537456814,0.4458648943397097,0.10961574878476157,-0.39531914537456814
all done,0.2092691737533714,0.922229012036365,0.005956880332962974,0.2092691737533714
almost,0.060925543642987044,0.8197805032826952,0.08233697066511865,0.060925543642987044
alone,0.1308777295066543,0.7356350447131135,-0.29612018978598004,-0.1308777295066543
ambulance,0.08454545882519011,0.5800633165525916,-0.045741589475853904,-0.08454545882519011
applesauce,0.02595319027148431,0.47283772964697796,-0.2664472904081495,0.02595319027148431
bathe,0.1813270073885683,0.20829376500522762,-0.1896606072918043,0.1813270073885683
battery,0.09525619374951237,0.7399281303154801,-0.032755824553436244,-0.09525619374951237
blender,0.07221172368705478,0.47885737230582415,-0.15850488559226913,-0.07221172368705478
boogeyman,0.462806845093143,0.49328670122751284,-0.054949341433548966,-0.462806845093143
bracelet,0.25354217314420735,0.5632439473739117,-0.03717482124294664,0.25354217314420735
bull,0.1512665901077023,0.7158237227249644,0.17459826802498762,-0.1512665901077023
bun,0.13503725032977643,0.5001799955294972,-0.06832640882416105,-0.13503725032977643
card,0.2791297987572877,0.6834763763267125,0.09357070193368786,0.2791297987572877
care,0.50096360516312,0.5040468046370796,0.3156565153852245,0.50096360516312
cd,0.004969323494437947,0.431992579491667,-0.1217874744349173,-0.004969323494437947
cell phone,0.1093473374307069,0.8426465315481098,0.10000769874875885,-0.1093473374307069
coin,0.0944041699973762,0.6862124063885177,0.008685344118652991,0.0944041699973762
cool,0.360939087597821,0.4256315729530767,-0.040237184241420726,0.360939087597821
cough,0.29565420711178053,0.3165715735278022,-0.3254686544264495,-0.29565420711178053
croquette,0.0018550264319961152,0.39274329075165154,-0.2981250536725196,-0.0018550264319961152
cushion,0.2466408348856683,0.47582656448587596,-0.2511337089267106,0.2466408348856683
difficult,0.13148192808797504,1.0172122582538246,-0.25820381599419107,0.13148192808797504
ding dong,0.13662388974577233,0.5943684665038047,0.032940616879501845,-0.13662388974577233
dinosaur,0.07515006268839504,0.6047001058948828,0.06953069019007353,-0.07515006268839504
dream,0.32757149452266215,0.3654072498351616,0.07511943284830254,0.32757149452266215
dress,0.006195556625235696,0.6488934201737598,0.2973622223222846,-0.006195556625235696
either,0.07822003504294867,1.269561293567806,-0.136294467194753,-0.07822003504294867
everything,0.24951185774692547,0.8110713930706082,0.2824442731492746,0.24951185774692547
eyebrow,0.14272064897310643,0.6259994571681118,-0.0476121614140892,-0.14272064897310643
faucet,0.002372411515685444,0.6104532919848212,-0.09989075678891746,0.002372411515685444
fingernail,0.14498609204744675,0.5347750691558589,-0.15866130468650172,-0.14498609204744675
flood,0.20689096371369425,0.2646527169012006,0.3084695795569391,-0.20689096371369425
floor,0.01575172544928268,0.7004037173962202,0.04716985047160329,0.01575172544928268
four,0.18965270288890254,0.6528449663725715,0.10201442594800013,0.18965270288890254
fox,0.08344886455208865,0.57774917616474,0.035749914892987705,-0.08344886455208865
fruit,0.08171929335309544,0.7317712569044919,0.034926316882184776,0.08171929335309544
gift,0.7370349914522849,0.5841045004813913,0.20398599275075838,0.7370349914522849
goal,0.32563950774979145,1.4744343133221178,0.16476648584791836,0.32563950774979145
ground,0.05701525153996078,1.1401544827687118,0.13264219975142108,0.05701525153996078
grow,0.0738777856087117,0.5084469256577892,0.18285089382222197,0.0738777856087117
guitar,0.1263155867964693,0.5007009750427461,-0.04523244266414426,0.1263155867964693
gut,0.24029089285388688,0.5196028298498983,8.564998947704246e-4,-0.24029089285388688
hee haw,0.06443124555052525,0.49647923626849516,-0.06714785707530899,-0.06443124555052525
how many,0.31307096178436744,0.6983900520334245,0.19708707886795715,0.31307096178436744
ladybug,0.10677158908513418,0.42520201294019394,-0.11896814352882146,0.10677158908513418
learn,0.30348145299911017,0.6496723505325629,0.2163927800624889,0.30348145299911017
lemon,0.0025545997156266684,0.30911125138534906,-0.25641551962597603,0.0025545997156266684
lettuce,0.11570522419163015,0.4618375011709063,-0.2564955425007585,-0.11570522419163015
liar,0.32193417538652913,0.5485294663949443,-0.07700883373902803,-0.32193417538652913
lighter,0.007589227943780685,0.4120651134455583,-0.08845098988531157,-0.007589227943780685
little,0.4961040419153977,0.6311126596504893,0.32699092852910505,0.4961040419153977
microwave,0.11392127898103287,0.4620072371827666,-0.058305265076277944,-0.11392127898103287
neck,0.3051632883871629,0.5237528825638059,-0.1510256454172443,-0.3051632883871629
neighborhood,0.15180836197966802,0.724192585701665,0.29741094849840816,0.15180836197966802
nephew,0.11706952782894822,0.7299345049452821,0.12119850405592265,0.11706952782894822
niece,0.13243083804371938,0.7037407151592734,0.18407560552320607,0.13243083804371938
octopus,0.022008542278244107,0.5660971831304367,0.012250792731497631,0.022008542278244107
off,0.21263363509228886,0.9926878990763628,0.07103788288312365,-0.21263363509228886
olive,0.022686174124216432,0.4482048010526958,-0.14610739063374764,-0.022686174124216432
on,0.05099516984349945,1.2494954972633197,0.10992692323398799,-0.05099516984349945
panther,0.09649072769545036,0.5677575444486803,0.06240730034595725,-0.09649072769545036
parrot,0.06751898613133857,0.6459943143241617,0.02531421979798154,-0.06751898613133857
pass,0.014911408737121858,0.7276999248877047,-0.03558623426897458,0.014911408737121858
piano,0.21550193008166751,0.3832611120959992,-0.1967928065537135,0.21550193008166751
pie,0.04442546948758254,0.6247622150260032,-0.09451349156575421,-0.04442546948758254
pigeon,0.013206036883988094,0.4344075762020385,-0.029674673502856196,-0.013206036883988094
plantain,0.022301149696308177,0.4571140945354905,-0.18236493227983547,0.022301149696308177
plaza,0.17704613922393242,0.7411712991742316,-0.10986997726435489,0.17704613922393242
plug,0.06105350205702609,0.6359137383669186,0.038513987208134676,0.06105350205702609
police car,0.040610581005766734,0.7739712061926902,0.22172661158145182,-0.040610581005766734
poop,0.13207181418307795,0.38877589706238685,0.1264634940803279,-0.13207181418307795
racket,0.2728048841515517,0.5311361232773771,0.007895348212423124,-0.2728048841515517
rake,0.1026914338734452,0.43421502196405193,-0.05889739594891958,-0.1026914338734452
rat,0.31050940873358335,0.48344489178024447,0.23258606383004368,-0.31050940873358335
sausage,0.06196357210118952,0.5547537824464204,0.093663077364634,-0.06196357210118952
save,0.09291581471597629,0.6332454573323459,0.06526311907848847,-0.09291581471597629
small,0.18208143812218244,0.7098060606980638,0.11791638561097322,0.18208143812218244
snail,0.04638606598807704,0.35477090477578765,-0.13074537025687133,0.04638606598807704
something,0.317348587054951,1.203064011326397,0.08567427554449504,0.317348587054951
sponge,0.013834293287391166,0.4162640015023974,-0.16453061210021064,0.013834293287391166
steak,0.014078571978149969,0.5955407144170487,-0.08679364315414663,-0.014078571978149969
subway,0.09593090910603544,0.4174725895156602,0.020032425401565176,-0.09593090910603544
sweets,0.1457093846607461,0.23843749901056163,-0.016033663841286076,0.1457093846607461
swimsuit,0.042649449777632985,0.45462761398848117,-0.02887053273665099,0.042649449777632985
terrace,0.25243271493758007,0.4942907089583216,-0.26422626590574944,0.25243271493758007
three,0.20175782637482254,0.6973434949273504,0.10946875960464528,0.20175782637482254
tire,0.0206743643884107,0.5161610148424051,-0.13582681394549628,-0.0206743643884107
toilet,0.10415598136183794,0.5593980487675082,0.04699760241015973,-0.10415598136183794
trolley,0.12894683688803224,0.4270588259179937,-0.06965526927025871,-0.12894683688803224
two,0.22903205453760847,0.7344516724147854,0.14958402888958636,0.22903205453760847
until,0.0473445390331293,0.9798647438297018,0.013773796397778672,-0.0473445390331293
value,0.6227725852819331,1.1936848001509046,0.2864592240342624,0.6227725852819331
video,0.2410335251237215,0.9064045942083182,0.5078229191764798,0.2410335251237215
witch,0.33828603345576375,0.5229064635313444,0.08263689689455361,-0.33828603345576375
without,0.12533754832687954,0.6703212469564522,-0.09536390481586499,-0.12533754832687954
worm,0.09725576937727401,0.41483715013835476,0.007853067571925089,-0.09725576937727401
wow,0.29633908543802184,0.23503070483036662,0.12714233269178685,0.29633908543802184
CD,0.06927808569319299,0.5727669291005854,-0.04815948374419187,0.06927808569319299
Pencil,0.08613442405175512,0.6707385163355934,-0.11776259592435605,-0.08613442405175512
TV,0.07850850293532069,0.6802513307738354,0.17904812109757057,-0.07850850293532069
a little,0.3665340607862838,0.8966053484209042,0.07649615512054557,0.3665340607862838
back,0.008221821918907513,0.8922154138136681,0.20022619845702944,0.008221821918907513
beep beep,0.177002622490071,0.3669340777300009,0.25707860556299045,-0.177002622490071
brave,0.16499961781879818,0.47872323493174385,0.07536815977412627,0.16499961781879818
bridge,0.06858344681983058,0.8800114575652254,-0.12848412541718424,0.06858344681983058
camel,0.016168184894614572,0.5525288017657938,-0.21229685648562757,-0.016168184894614572
cart,0.0082925242681576,0.5632272372688446,-0.00210248899297505,-0.0082925242681576
child's name,0.17980954441816552,1.0785186043583066,0.277729007281089,0.17980954441816552
clothing,0.060454327940656194,0.62415481424122,0.287123483924244,0.060454327940656194
cock-a-doodle-doo,0.04744824263369203,0.6016402528499122,0.07043632708589483,0.04744824263369203
cot,0.023708313058008922,0.5132893952764628,-0.26550689542480765,-0.023708313058008922
croissant,0.06702241442066634,0.47051362624647913,-0.1788031044815323,-0.06702241442066634
dessert,0.055740301657067066,0.5564285971015933,-0.14434685388611893,0.055740301657067066
dining room,0.22975724619989502,0.6602831749942617,0.1231126438979272,0.22975724619989502
dolphin,0.19711824893811786,0.4974915896800069,0.0393274260583318,0.19711824893811786
drum,0.024879563950361547,0.4849794563837689,0.10465212687917716,-0.024879563950361547
elbow,0.14722430760199168,0.5577856350193791,0.09578081185683414,-0.14722430760199168
enough,0.31636044573070476,0.9937960412579985,-0.0071845657701138585,0.31636044573070476
erase,0.24391599669286504,0.5217751130156114,-0.1333212867461627,-0.24391599669286504
feel,0.3689057469748848,-0.4817625650089958,0.12326963618630823,0.3689057469748848
few,0.17955685518053568,0.5093013715000182,-0.021466730329888765,0.17955685518053568
fireplace,0.15928927095324824,0.2783380230316359,-0.20508326038535343,0.15928927095324824
from,0.03827481539580211,1.0633097273900562,0.16266603763347073,-0.03827481539580211
garbage,0.37673037109407825,0.6546171635424168,-0.06972015778872066,-0.37673037109407825
go down,0.08889537176294372,0.9558277075857247,-0.10809410262903132,-0.08889537176294372
go up,0.021013140476077958,0.9759150877273436,-0.027639435211446493,-0.021013140476077958
handsome,0.32935162622567254,0.35160639150724,0.23554707573944858,0.32935162622567254
hang,0.004620291571599963,0.5248180744364899,-0.09499985549909491,-0.004620291571599963
in front of,0.10124772912275698,0.99111599095012,0.10148799450424997,0.10124772912275698
insect,0.018568816614984652,0.5079225778674544,-0.03950585649944315,-0.018568816614984652
keys,0.20764315383326615,0.6818670557400791,-0.008249653853387428,0.20764315383326615
lift,0.15374083877393346,0.45343435360038276,-0.16922522814202817,0.15374083877393346
light,0.19567969120290188,0.6678385609584414,0.09508038654869387,0.19567969120290188
lizard,0.09162209466782717,0.5855643878453478,0.06813890302698543,0.09162209466782717
lose,0.011263022511438271,0.5864068441590566,0.012129269759027549,-0.011263022511438271
macaroni,0.016688241526073764,0.36422417009224006,-0.07150692797610748,-0.016688241526073764
marker,0.141524987345054,0.9510497600371903,-0.029679392451639405,-0.141524987345054
no one,0.1409380810188518,1.0650048405894248,-0.05739856311311266,0.1409380810188518
noodles,0.054766379952139815,0.4247541303714639,-0.1582068286322516,0.054766379952139815
oh,0.05658715466213554,0.30339829962925424,0.041492138088817763,0.05658715466213554
one,0.31094689652408886,1.3085952357656148,-0.019330526481647178,0.31094689652408886
onion,0.09542490216221204,0.4867993181697657,-0.1573144321186713,-0.09542490216221204
open,0.20791364534591542,0.9279797471786341,0.08184237936015905,0.20791364534591542
orange,0.007039295655946422,0.34209622066735235,0.1624365021118541,0.007039295655946422
paint,0.06439113816536937,0.5539262431696176,-0.12693063240463284,0.06439113816536937
pan,0.13680603613283965,0.5317731250817949,0.05329334896704044,-0.13680603613283965
pee,0.10821771067566457,0.3645591002792306,0.1534510652412109,-0.10821771067566457
phone,0.03270469126552541,0.8542043471263003,0.12018232212819169,-0.03270469126552541
prick,0.3219029551360547,0.202279690159304,0.1631282167284196,-0.3219029551360547
puree,0.11004385425418722,0.4555774835856933,-0.2641020901091669,-0.11004385425418722
ready,0.1097251201671378,1.0499813261805435,0.19838045326395126,0.1097251201671378
resemble,0.12256108131802933,0.3568243754855461,0.035441115194768134,-0.12256108131802933
ring ring,0.12745173921409086,0.6738020033088615,0.10855226482890101,0.12745173921409086
salad,0.061782907106794765,0.4879639501071676,-0.14999209757734266,-0.061782907106794765
scooter,0.12223186263520473,0.45234516941276703,0.05785670290641943,0.12223186263520473
screwdriver,0.11374221471620287,0.5609506134211488,-0.09950164084783816,-0.11374221471620287
sheet,0.015566543580020303,0.9259598372173483,-0.15224128500631676,-0.015566543580020303
sibling,0.022795916776579394,0.6991068905374974,0.30115840220965,0.022795916776579394
sofa,0.10102124035385909,0.367777941606076,-0.2735392363678998,0.10102124035385909
stool,0.06622037582014714,0.7121192951901081,-0.185882016411148,-0.06622037582014714
swimming pool,0.25906967670892095,0.4964124832584809,-0.1393399025688551,0.25906967670892095
take out,0.09095992532513585,0.9445135916415461,-0.022487507582259297,0.09095992532513585
television,0.009722278977500224,0.714637052658899,0.17075183973856609,0.009722278977500224
tick tock,0.10128382214071076,0.588928077636573,-0.05103893649155217,-0.10128382214071076
wardrobe,0.07248783632954,0.6339224911992666,0.010876550367033095,-0.07248783632954
wear,0.1983260825666788,0.4737093909523313,-0.019879811336779914,-0.1983260825666788
whistle,0.1378195914443879,0.5411793390603964,0.08032030106848602,-0.1378195914443879
year,0.0084714332256503,1.2332444521087962,-0.03754274468513389,-0.0084714332256503
Persimmon,0.07220218650941147,0.5135766147728803,-0.16152154367419513,-0.07220218650941147
back,0.008221821918907513,0.8922154138136681,0.20022619845702944,0.008221821918907513
beer,0.07470835923540457,0.6854524012819336,0.07430714990021176,0.07470835923540457
begin,0.02898540108547022,0.8777800803065436,0.10032307795174629,0.02898540108547022
cabbage,0.13318290592380191,0.4923103405347423,-0.17809466219242792,-0.13318290592380191
chimney,0.09024012383777924,0.5029042709168142,-0.1610305392965112,-0.09024012383777924
closed,0.02331503373156449,0.8840203953935291,-0.285853540163907,-0.02331503373156449
cockroach,0.13589718045644028,0.3860874835940257,0.06984570483791444,-0.13589718045644028
come on,0.013041801715972422,0.9675279832754361,0.1138857699652781,0.013041801715972422
cool,0.360939087597821,0.4256315729530767,-0.040237184241420726,0.360939087597821
count,0.029371535347393805,0.7168963004802782,0.16461494268290514,0.029371535347393805
dumpling,0.01096232905835601,0.3951748221939763,-0.10689756971026276,-0.01096232905835601
eight,0.14236716240426062,0.5744639814206207,0.09441043401709309,0.14236716240426062
eyelash,0.0042550528869035225,0.41093056356255736,-0.14505311557428685,0.0042550528869035225
five,0.1749592024661207,0.6652040873270865,0.11171912508891323,0.1749592024661207
fluffy,0.053908662922017764,0.2683585610639773,-0.014070407058312277,0.053908662922017764
fool,0.25349901632610494,0.5454783611581553,0.005635684159512749,-0.25349901632610494
forehead,0.15433665680222086,0.41492910932929894,-0.04195691222895523,-0.15433665680222086
gate,0.07940232186551135,0.8508810477134209,0.023154256787135258,-0.07940232186551135
get,0.256224966629435,0.6055005294229959,0.0969961797026207,0.256224966629435
hair clip,0.03193079773822405,0.5713710899127561,0.2479747917994372,-0.03193079773822405
hair dryer,0.128416488549418,0.5011032688834329,0.09166783207422825,-0.128416488549418
hair tie,0.055630276786621434,0.6372017973882595,0.11091790103828442,-0.055630276786621434
hour,0.15305181576221105,0.7744415294741877,-0.132442319088091,-0.15305181576221105
keep,0.13575607036406384,0.8164515400603608,0.12423374150826882,0.13575607036406384
like this,0.12558401131629204,0.7909408631977892,0.017115217570603913,0.12558401131629204
mango,0.050470792292715824,0.4590574495999634,-0.12634925900522545,0.050470792292715824
neigh,0.06355786896305352,0.3644041086442867,-0.028835140068874946,-0.06355786896305352
nine,0.13434309655054893,0.5845093329464321,0.0736700819223328,0.13434309655054893
open,0.20791364534591542,0.9279797471786341,0.08184237936015905,0.20791364534591542
perfume,0.12515833034475995,0.46917378447016733,0.062418227914500704,0.12515833034475995
pharmacy,0.022254493226271405,0.6295309484938115,-0.21306511674153594,0.022254493226271405
pineapple,0.07304818147637424,0.4387100550731334,-0.06066305598291052,0.07304818147637424
plum,0.033833406233043185,0.6209270100128323,-0.07349578898383219,-0.033833406233043185
rag,0.2959064161145142,0.4741844520929497,0.1633988408785264,-0.2959064161145142
restaurant,0.10889938444506315,0.8175838099375036,0.02092633381365879,0.10889938444506315
ring,0.12745173921409086,0.6738020033088615,0.10855226482890101,0.12745173921409086
scream,0.5978548118307037,-0.26057103910121576,0.671055958693461,-0.5978548118307037
seagull,0.010270140614781258,0.46236339280803845,-0.1905516648224463,0.010270140614781258
seven,0.13156386110216486,0.6154907265691861,0.07872160564962623,0.13156386110216486
shelf,0.05925234278502257,0.9264246949873713,-0.08693283138518376,-0.05925234278502257
six,0.13926866416826683,0.629982329820363,0.07874390018334888,0.13926866416826683
smock,0.11941010063661284,0.4896738143251115,-0.11125913143854457,-0.11941010063661284
sneeze,0.1153547049157884,0.27397231723819193,0.07299987540959119,-0.1153547049157884
taxi,0.12618725599858854,0.5855673820802145,0.030179494035468317,-0.12618725599858854
teach,0.3099907046113136,0.7513381912090767,0.21904458500874086,0.3099907046113136
teacher's name,0.17980954441816552,1.0785186043583066,0.277729007281089,0.17980954441816552
ten,0.09975216197610373,0.5918284818334412,0.08468919021179595,0.09975216197610373
whale,0.09015406954754307,0.4909776013689643,-0.06902542873753857,0.09015406954754307
accident,0.3570764578907484,0.7426268562652428,-0.027194346479125373,-0.3570764578907484
act like,0.03237439082094699,0.6395839630220925,0.3678562876557333,0.03237439082094699
actually,0.24358667177729912,1.2093566958430522,-0.20258481012406218,0.24358667177729912
air,0.3063542015833064,0.45556018044226115,0.20766360259738648,0.3063542015833064
although,0.21312646580267447,1.241857736522785,-0.28711897370492523,0.21312646580267447
arrive,0.0028103823115088046,0.614157754023996,0.10718823153934603,-0.0028103823115088046
attic,0.15058735611577,0.48380642901885873,-0.19388434519039394,-0.15058735611577
be able,0.14950947987730473,0.8340954806336032,-0.08553208033592777,0.14950947987730473
be bored,0.02417481389770246,0.4968452243104656,-0.2474968715410656,0.02417481389770246
bead,0.16279568312934353,0.5059155565153562,-0.08514536500859153,0.16279568312934353
beast,0.42026595767163216,0.614757936017367,0.28007393147334553,-0.42026595767163216
beverage,0.19776323241903165,0.7284197132489424,-0.03148067583575044,0.19776323241903165
bin,0.2392906730758709,0.5454770493210183,-0.02445843633447314,-0.2392906730758709
biscuit,0.062300672540835586,0.49036078198663563,-0.19622564645480353,0.062300672540835586
blindfold,0.022369456772695716,0.4756146472512715,-0.10164120940498642,-0.022369456772695716
brush,0.1663319290118303,0.5766786237764238,-0.009928268359653172,-0.1663319290118303
brush teeth,0.1530842102419224,0.6505077839882298,-0.01671060865818849,-0.1530842102419224
bump,0.13153499747836847,0.6080615400233409,0.3100599578781407,-0.13153499747836847
butcher,0.22529191757037448,0.6619876576863235,0.018106754682366655,-0.22529191757037448
buttocks,0.04111933015468776,0.3580904403566686,0.13197423170371214,0.04111933015468776
carrots,0.06592174190939608,0.5876512256474595,-0.27088853382449485,0.06592174190939608
castle,0.02954354686775036,0.5035362272216802,-0.02536617035869172,-0.02954354686775036
caterpillar,0.0029054540886211608,0.47031449230205125,-0.26058235074452224,0.0029054540886211608
chocolate mousse,0.0763636917236277,0.2715578207443191,-0.09023995035572926,0.0763636917236277
circle,0.19999533987763457,0.5712450879753529,0.004180427543019625,0.19999533987763457
cluck,0.20553399921263107,0.2335483577000181,0.012283223740347737,-0.20553399921263107
cup/bag,0.08347114746881082,0.5123865632761556,0.04756122470615444,0.08347114746881082
cupboard,0.15461505701345596,0.46876039503849143,-0.20058528905370981,-0.15461505701345596
cycle,0.1490875033515358,0.7168103475053283,0.06813818718763215,-0.1490875033515358
daycare,0.08060801557298558,0.498451882540035,-0.04350737238684586,-0.08060801557298558
deep,0.13579468814893134,0.36421068612972535,-0.2668206443215715,0.13579468814893134
digger,0.009559451092890445,0.5110709189062228,-0.07781675911634858,-0.009559451092890445
divide,0.26434614146143076,0.7837996843988357,0.021959562447686667,-0.26434614146143076
drum,0.024879563950361547,0.4849794563837689,0.10465212687917716,-0.024879563950361547
dummy,0.1799151754115185,0.7442621158303854,-0.03239095538724302,-0.1799151754115185
each,0.3370744343230686,0.9292437018659556,0.06974876101391385,0.3370744343230686
expensive,0.2879868332707283,0.757478219686034,0.012388381362137296,-0.2879868332707283
fair,0.13945299630708405,1.0598994338635872,0.10264655105212009,0.13945299630708405
farmer,0.040166382486619634,0.6900479126327612,-0.13288587287089237,0.040166382486619634
female,0.16328067006459177,0.6292160112241146,0.36179033762891677,0.16328067006459177
fence,0.06169823391417089,0.8564198816464779,0.049046071514714455,-0.06169823391417089
fish tank,0.027358270375620837,0.6126924351338883,0.04536881898214805,0.027358270375620837
fishtank,0.07671816494181354,0.33278534580178176,-0.20026494030366832,-0.07671816494181354
fixed,0.06130362252804894,0.9916674540653033,-0.22291881655098228,-0.06130362252804894
foam,0.006872493309626314,0.33517968555094435,-0.06707651616321653,0.006872493309626314
football,0.20152934627056782,0.737608390520275,0.07360756518599212,0.20152934627056782
forger,0.1494701623741139,0.6547285608329947,-0.16575576446365903,-0.1494701623741139
fridge,0.16636538222986721,0.5877112125895243,-0.21130517951459746,-0.16636538222986721
fridge/freezer,0.16919625070937494,0.5945460188887939,-0.2260259107614156,-0.16919625070937494
friendly,0.5176488627162021,0.4593686979250238,0.5035554771110186,0.5176488627162021
funny,0.2179009941599797,0.3994816255553395,0.31244200233670816,0.2179009941599797
go to bed,0.06371575213993388,0.8899494751607865,-0.08472150775256991,0.06371575213993388
grab,0.08487395035984716,0.6918416982739279,0.15997250443510794,0.08487395035984716
granola,0.008947682566326488,0.485778765220819,-0.07922828122308274,0.008947682566326488
grasp,0.234693553628699,0.7321145172561613,-0.06346200561190916,0.234693553628699
guinea pig,0.10502197367992312,0.5007950111295759,0.09202459636190644,-0.10502197367992312
half,0.17731298067941734,0.8323907256042105,-0.012554479242524728,-0.17731298067941734
have/want,0.20591135500520374,0.575990650420638,0.11498237916698567,0.20591135500520374
heater/fireplace,0.1080021316041892,0.36136045825074925,-0.14656724432295118,0.1080021316041892
hedgehog,0.03642554683831116,0.34697549623849727,-0.08972259532690907,0.03642554683831116
her,0.21951433285105137,0.7765572815638129,0.15849479628137708,0.21951433285105137
him,0.197934848667813,0.8098641861844424,0.08108258968207575,0.197934848667813
his,0.281212007013672,0.9281325577751061,0.17611278979256506,0.281212007013672
hiss,0.38438952219210093,-0.022087056331666608,0.14099358589446276,-0.38438952219210093
hunt,0.023629250108559388,0.6447701230519369,0.3520190153224772,0.023629250108559388
i,0.08229648305576316,0.7182334809370047,-0.42511212814931854,0.08229648305576316
idea,0.5037065834638728,1.490674060039119,0.1611881946188912,0.5037065834638728
immediately,0.04969987171799832,0.921966777982149,0.259974601481056,-0.04969987171799832
in the evenings,0.1547166010630151,0.9316200838097436,-0.12246163861870311,0.1547166010630151
in the mornings,0.09083847653277864,0.9578391492814854,-0.09659288157305783,0.09083847653277864
indicate,0.017421449223921075,0.6714776949112946,-0.06534115825412257,0.017421449223921075
iron,0.1583370329366225,0.5549428995295891,-0.0419729593927857,-0.1583370329366225
is sleeping,0.148821852270216,0.9030495730176711,-0.2738814716890378,0.148821852270216
it,0.14276930253517478,1.2952062666896351,-0.08107553408135076,0.14276930253517478
jug,0.07838025296909949,0.5975099840985587,-0.12011121919667292,0.07838025296909949
kind,0.7547366138202486,0.7295884202852984,0.15215336837286067,0.7547366138202486
kite,0.01436137182067047,0.5007268151157408,0.018911016047788803,0.01436137182067047
lake,0.1455161608018119,0.3790077829749306,-0.223058705880548,0.1455161608018119
large,0.023203701175422836,0.7648361148549283,0.18315784002363944,-0.023203701175422836
lay,0.01278631947870972,0.7539794134618981,-0.2434142542662305,-0.01278631947870972
leave,0.12425159651508305,0.7282070517360211,-0.14372834026718045,-0.12425159651508305
leopard,0.043044741064803584,0.5582773217922057,0.036483931299392994,-0.043044741064803584
let,0.017123055534578806,0.6763932634029899,0.05845615331844801,0.017123055534578806
lock,0.09821304464054172,0.6562820858057831,0.24954060931431343,-0.09821304464054172
lost,0.22233103930616796,0.6653734904163474,-0.2564279660132568,0.22233103930616796
material,0.3971043536110294,1.1292056466211529,-0.03334954594836481,0.3971043536110294
may,0.16099800323931823,0.85963285414307,-0.16299066524788855,0.16099800323931823
me,0.2326221959430921,0.7077552314411499,-0.11548364065622839,0.2326221959430921
measure,0.3199116243045993,0.7408755896549626,0.12894675291127175,0.3199116243045993
mess,0.8653664107519633,0.28842739065695255,0.05632634990200253,-0.8653664107519633
microscope,0.14098920138557322,0.6714166638426556,-0.07911188683936983,-0.14098920138557322
my,0.10766033321190306,0.8566178840241209,0.07459537765323301,0.10766033321190306
nail,0.146781256948638,0.6620324664830302,-0.06142494705012993,-0.146781256948638
nobody,0.08402389853759205,0.8599664107786061,-0.13027360180559772,0.08402389853759205
noise,0.2971247289594835,0.47505950575102923,0.13948221931698773,-0.2971247289594835
not do,0.09831914514126311,1.1147591351550155,-0.017894719813336003,0.09831914514126311
oink,0.020643470075657172,0.3779353054278361,-0.12531728519006044,-0.020643470075657172
pain,1.2060459091431028,-0.41159345232164146,0.029036088007283772,-1.2060459091431028
pantyhose,0.03888433215256118,0.4092477937559771,-0.06742286070767076,-0.03888433215256118
peel,0.16674319450258734,0.3799993477983304,-0.18006831396866071,-0.16674319450258734
pencil,0.06923974369925774,0.7306397473806706,-0.07960131312667905,-0.06923974369925774
piggy bank,0.0022397489353683047,0.6473540798636063,0.08592364065061044,-0.0022397489353683047
pill,0.0668705079265731,0.4997111172760361,-0.25165534357069563,-0.0668705079265731
playpen,0.0059526959166737534,0.5145698552797163,-0.043502930193603136,-0.0059526959166737534
point,0.08280686645998432,1.7473961336329036,0.014143139645032336,0.08280686645998432
polish,0.11745647336013976,0.5883600730423144,-0.05422843547004154,0.11745647336013976
pond,0.13572607549738605,0.4380809483678244,-0.11121795607202521,0.13572607549738605
porridge,0.014443995690401414,0.43874501293315166,-0.17707517214226,-0.014443995690401414
postage stamp,0.07160542636267733,0.5102321810610603,0.04442249289892277,-0.07160542636267733
postman,0.06661787434958744,0.35236227438383333,-0.14658130622495236,0.06661787434958744
promise,0.6299341034124892,0.4920081339996436,0.274400543834679,0.6299341034124892
put down,0.06639341973403502,0.9789920336041871,-0.11437334501154081,-0.06639341973403502
puzzle,0.13126407044844485,0.7948361992253113,-0.174125069850918,0.13126407044844485
pyjamas,0.012617266994356483,0.42190478314329966,-0.29608050370299754,-0.012617266994356483
quick,0.1433046008657866,0.8766152039049324,0.15077740855146177,0.1433046008657866
rich,0.2751615163963396,0.4281348457386982,0.08771372780978247,0.2751615163963396
roar,0.15513106607553698,0.0071939899945832,0.26250433843486964,-0.15513106607553698
rocking horse,0.07352721407856636,0.5601275249844324,-0.011745499590284866,0.07352721407856636
see you later,0.16441849394351415,0.8728964299619025,-0.016950313471292784,0.16441849394351415
see you tomorrow,0.16191866046634484,0.7912697009264443,-0.023193797168762527,0.16191866046634484
shake hands,0.09927467934551472,0.6212040625106371,0.07756304669051305,-0.09927467934551472
shawl,0.036789367883410286,0.4338230049868367,-0.3273434110931216,-0.036789367883410286
so big,0.07295397786370872,0.9607269407120412,0.12188767055728147,0.07295397786370872
special,0.5514303893132342,0.6072253542499132,0.295388953761562,0.5514303893132342
sprinkles,0.17047047382514507,0.334163710857915,-0.11990651669320579,0.17047047382514507
squeak,0.18172444619326103,0.16718904855245542,0.09493274418387244,-0.18172444619326103
stamp,0.0029856580141332384,0.5721217242579016,0.17583155277542895,0.0029856580141332384
still,0.13984761160355724,0.9950336314735722,-0.1861984945836938,0.13984761160355724
stocking,0.013849206960963848,0.630553677035769,0.12851243218203123,-0.013849206960963848
strange,0.0034379874926279575,0.3411171890084132,-0.0031779428697055008,-0.0034379874926279575
take a bath,0.19502391877366163,0.8432655463827771,-0.11427570755296036,0.19502391877366163
take a nap,0.13371828242661624,0.8574516839044752,-0.22437464432006152,0.13371828242661624
therefore,0.12999972769573664,1.5800829766952849,-0.10282515885790092,0.12999972769573664
tire,0.0206743643884107,0.5161610148424051,-0.13582681394549628,-0.0206743643884107
to be needed,0.2597068706000556,1.1362384778018924,-0.061072882339763594,0.2597068706000556
to hurry up,0.00982753949281191,0.9557586566729892,0.032496925955665626,0.00982753949281191
to throw,0.049042287423973804,0.9767254281112531,0.033148774495095304,0.049042287423973804
tram,0.14571737829775078,0.44907371104141625,-0.05427586946355919,-0.14571737829775078
try on,0.08458984883689591,1.1592677725231058,0.07571429490258147,0.08458984883689591
"tu,ble",0.015107175936667066,0.4907771506367832,0.013399171002093993,-0.015107175936667066
turn hands,0.026765761914224223,0.8453841589201023,0.31184748233305226,-0.026765761914224223
undershirt,0.07627159392693345,0.5359226928072999,-0.21794462482681076,-0.07627159392693345
video recorder,0.06090674436723878,0.8251147796207794,0.21585024693016153,0.06090674436723878
wagon,0.05063376262548667,0.5995381532858418,-0.2011075426779737,-0.05063376262548667
wallet,0.06297810245699635,0.528580302196647,0.028893709922896593,0.06297810245699635
warm,0.7473204740467112,-0.0033083854320385907,0.022014602790065452,0.7473204740467112
washcloth,0.010362878501032386,0.3878060388939323,-0.19563675754409734,-0.010362878501032386
water,0.2648039364168833,0.6505310801163171,0.08462871502496823,0.2648039364168833
wave,0.0346475732336177,0.16994997848832852,0.4289528612539932,-0.0346475732336177
we,0.21290949749405294,1.20952632244846,-0.22844797421865307,0.21290949749405294
weel,0.06958647798520455,0.3902431282000711,-0.08904360737566816,-0.06958647798520455
well-behaved,0.12204753674913044,0.5132178635338953,0.05426060564280603,0.12204753674913044
will,0.23743500909142945,0.8482942062198356,-0.05047138933950994,0.23743500909142945
would,0.16004921634652186,1.2530281087278543,-0.30656354978752093,0.16004921634652186
you,0.35527694888671857,0.9752825596302667,-0.1542419986198783,0.35527694888671857
you're welcome,0.2611529068813327,0.3849460546085853,0.002117633370422256,0.2611529068813327
yourself,0.26059170078917365,0.6146016779356338,-0.07590726209304857,0.26059170078917365
yummy,0.27005519303765335,0.1147776135374203,0.02156898699804276,0.27005519303765335
alligator,0.018594653100236173,0.47419382178218483,0.02125121814937927,-0.018594653100236173
can,0.25701287405373835,0.6846429608284843,-0.14075497080134444,0.25701287405373835
does,0.16713395609074877,1.064076915310088,-0.07040845057623885,0.16713395609074877
every,0.2651758303771714,0.895283722472623,0.17626211078966103,0.2651758303771714
fine,0.3103687434033988,0.6225770073332259,-0.12170458682274482,0.3103687434033988
give me five,0.30470288294152387,0.7046363628764933,-0.022487718551794707,0.30470288294152387
gonna,0.07303587550306127,0.9245332730359267,-0.13529960885861447,-0.07303587550306127
gotta,0.10735132582108012,0.761721988775672,-0.09970535439477715,0.10735132582108012
into,0.017282623078235956,0.8459925062564853,-0.005871035238013961,0.017282623078235956
lemme,0.04436423711892419,0.7439265911259288,-0.2589444340338338,-0.04436423711892419
mad,0.5908604190696299,0.04169704051330804,0.5338551723897895,-0.5908604190696299
on top of,0.08664443861890077,1.0554666892776399,0.13363119687464248,0.08664443861890077
pickle,0.14767773211048532,0.4771569693679505,0.04032167817924617,-0.14767773211048532
sprinkler,0.0436417435673312,0.49510795819591996,0.020821995899282693,-0.0436417435673312
tiny,0.15159837359182546,0.5078428359202185,0.11866088360573447,0.15159837359182546
us,0.367948699690927,0.9467877655828902,-0.12143830287178772,0.367948699690927
walker,0.0057379840786576175,0.6998570647311009,-0.18894250559804165,0.0057379840786576175
were,0.10415490510072477,0.8269792650008513,-0.1934444677304694,0.10415490510072477
backyard,0.21924736960762478,0.6095687244657788,0.15983693003235078,0.21924736960762478
easy,0.2105254897621025,0.8057409290100772,-0.007630413188162045,0.2105254897621025
friends' names,0.2620489324978348,0.6944276971981573,0.24965492737992268,0.2620489324978348
hide and seek,0.2319819837678969,0.6763102174496791,0.11970517607908099,0.2319819837678969
kangaroo,0.007370983252122393,0.5020921977253828,-0.04472714772453979,0.007370983252122393
koala,0.04941111335132552,0.45380165445618376,-0.11683634419509153,0.04941111335132552
possum,0.12556097063723629,0.4853018423703446,-0.16119850989350307,-0.12556097063723629
scratch,0.27428581888819553,0.4354745472065249,0.11301568876917817,-0.27428581888819553
shed,0.07703394426216825,0.5536671849250605,-0.08412499151225451,-0.07703394426216825
smell,0.020314813936044247,0.20678699382954485,0.16167498083371865,-0.020314813936044247
sunglasses,0.03973502047035024,0.630517612235928,-0.15978235490076836,-0.03973502047035024
town,0.1363117123237583,0.8758179764328741,0.04380420604056973,0.1363117123237583
waves,0.11990982772073303,0.24586021075600378,0.10390767572141568,0.11990982772073303
wombat,0.048965864049278086,0.4001213917420925,-0.11131607111796633,-0.048965864049278086
back,0.008221821918907513,0.8922154138136681,0.20022619845702944,0.008221821918907513
bandaid,0.19347182963338339,0.4603973094797348,-0.18708424127945975,-0.19347182963338339
bored,0.020329163988725522,0.2659580564209557,-0.4631130747218215,-0.020329163988725522
fasten,0.056978459127429784,0.5609457245751858,-0.18528319823154643,-0.056978459127429784
forget,0.2660973662969043,0.4327543557876964,-0.12296721838033867,-0.2660973662969043
however,0.20468212740478192,1.4342843532324514,-0.1898948837602452,0.20468212740478192
might,0.18273002751430853,1.1194514590083275,-0.1829198987887202,0.18273002751430853
mine,0.06027478548132949,0.6948995775875421,0.07211206682873886,0.06027478548132949
our,0.3591978414021668,0.9179137469252783,0.22025528220551735,0.3591978414021668
pavement,0.008589189821571763,0.5349445877737824,-0.1422429130168353,0.008589189821571763
soccer,0.20769809801919434,0.5335944131256415,0.14362367683269872,0.20769809801919434
somersault,0.07686790316497166,0.44098696055594905,-0.041349854527933216,-0.07686790316497166
stamp,0.0029856580141332384,0.5721217242579016,0.17583155277542895,0.0029856580141332384
their,0.327899367730123,0.8402558872767469,0.29725184243560215,0.327899367730123
them,0.24888994993004218,0.9852498809723018,0.02554795418544224,0.24888994993004218
they,0.15510614770606693,1.1050617550071757,-0.12886896459784739,0.15510614770606693
tire,0.0206743643884107,0.5161610148424051,-0.13582681394549628,-0.0206743643884107
week,0.12229644491597096,0.8925975535398462,-0.11262824655978552,-0.12229644491597096
your,0.3155129281031181,0.7775683804521277,0.2239799759979752,0.3155129281031181
detergent,0.005171459544940879,0.4025957341314675,0.011293708176652033,0.005171459544940879
go for a walk,0.1668640758562,0.9833841211406312,-0.08129652753743885,0.1668640758562
mole,0.15658915842695215,0.6462545999330565,0.07720792771165408,-0.15658915842695215
must,0.07052155739108738,0.9812039374553903,-0.06376391824766924,0.07052155739108738
noon,0.11834083277218643,0.6497254117395056,-0.1500981360591865,-0.11834083277218643
quietly,0.02512122347101551,0.584580043178791,-0.15981080516239307,0.02512122347101551
refuel,0.0474468432764382,0.5103499358511749,-0.28304874321004775,0.0474468432764382
station,0.02887893095333726,0.861887737764025,0.01825153434911294,0.02887893095333726
business,0.26983011944138696,1.285834568400401,0.4722427834189312,0.26983011944138696
evening,0.25602373134909684,0.44163584135983974,-0.1381119620957623,0.25602373134909684
fetch,0.06697185602751887,0.6237877649903059,-0.05298106559799956,0.06697185602751887
great grandma,0.41936873363561034,0.36055667846224315,0.0071899554519288325,0.41936873363561034
great grandpa,0.4510766442587021,0.3637953027505063,-0.044699851529527934,0.4510766442587021
grumpy,0.22713470956703738,-0.01272508804602146,-0.20962873574987687,-0.22713470956703738
had,0.2421515287161722,1.127090185750619,-0.40252361031181133,0.2421515287161722
sorry,0.3108380284178694,0.20081927434891364,-0.2145114884794737,-0.3108380284178694
sting,0.390215266400459,-0.10023492702759076,0.2687789207025072,-0.390215266400459
such,0.30974597812642285,0.70287191722583,0.022737635036350633,0.30974597812642285
tag,4.5910112308461407e-4,0.7435332751486784,0.1628905131364282,-4.5910112308461407e-4
theater,0.007138974383728949,0.6489995977143754,0.0712629567628742,0.007138974383728949
through,0.14563565816289206,0.8530820675749258,-0.09248288001687742,0.14563565816289206
tumble,0.15475787848155945,0.39297719704239203,0.04336765242681001,-0.15475787848155945
very,0.24123157911139653,0.8531675864973164,0.02559810304914478,0.24123157911139653
when,0.19739855959957855,1.1972112492564637,0.10878795951798104,0.19739855959957855
against,0.24122875796677434,1.0148936618313749,0.2124620030318936,-0.24122875796677434
backpack,0.08859090916564333,0.6148793102719604,-0.006699436956968538,-0.08859090916564333
board,0.15457905078453468,1.0411596410840114,0.22466738098273328,0.15457905078453468
breathe,0.2140042500603009,0.1885286343491735,-0.1841521942596597,0.2140042500603009
follow,0.03292582587553697,0.9209485330503303,-0.029883762882152505,0.03292582587553697
forward,0.19631377694511046,0.7718455629769164,0.2212001152973228,0.19631377694511046
instead of,0.0940328041771925,1.1471313380437156,-0.12208106068715713,0.0940328041771925
lunchbox,0.10298930847897908,0.49101147563742675,-0.025293303358613437,-0.10298930847897908
moist,0.062307909864567655,0.25315891367075577,-0.1637489446750904,0.062307909864567655
mug,0.09640306688416629,0.39666530308259695,-0.08204649203475921,0.09640306688416629
paper towel,0.06685070072638202,0.8620212256477084,-0.05486729566623476,-0.06685070072638202
pat,0.2062503461085365,0.4669258837569404,-0.11599122440602509,0.2062503461085365
place,0.5333404713566375,1.1688460359315274,-0.005960078474009865,0.5333404713566375
poor thing,0.07515479716491702,1.0179261745504962,-0.01832064622924781,0.07515479716491702
quit,0.2796577657298667,0.7809107836377351,-0.23715897315510787,-0.2796577657298667
remember,0.13232414180943108,0.7391621755580752,0.027904564669368106,0.13232414180943108
repair,0.08092168702544156,0.8287551641764296,-0.013515997577766274,-0.08092168702544156
salami,0.07862540879990125,0.5465995412963957,-0.05355527592526906,-0.07862540879990125
suit,0.05548406072015121,0.777942231376299,0.08713631407545479,0.05548406072015121
toilet paper,0.07432088644580273,0.8708956475255958,0.029565719250065854,-0.07432088644580273
trampoline,0.14935051807271738,0.3874421997675012,-0.0639538880369446,0.14935051807271738
trash can,0.02891794254192609,0.5980483603402742,0.020556626262585143,-0.02891794254192609
up in,0.02647626993818583,1.0608734978136958,0.013227135746522452,0.02647626993818583
upset,0.28655470823743806,0.23041221909237633,0.2085790143982169,-0.28655470823743806
wasp,0.21317930691774448,0.41705959280475857,0.020218899328129494,-0.21317930691774448
yeah,0.015662992193406947,0.7513799975588557,-0.14586393413701937,-0.015662992193406947
bacon,0.07227002246357839,0.44622408682019526,0.06606085220270362,-0.07227002246357839
berry,0.01064405898152771,0.5231161034850331,-0.14009455112677124,0.01064405898152771
boil,0.22945125169102473,0.3873885659682537,0.06890740763097701,-0.22945125169102473
caviar,0.047122581999930704,0.4145904043159776,-0.07000005445945123,0.047122581999930704
dig,0.015385655077161931,0.3724734450726429,-0.09529322796921064,-0.015385655077161931
fill,0.17363334444904674,0.3919118569471004,-0.21482777665493866,0.17363334444904674
fur,0.053251610312990146,0.3484513465713052,0.104935170253794,0.053251610312990146
hare,0.09112811784571333,0.5727208321036636,-0.10732674426507341,0.09112811784571333
how (connecting,0.28753524797802044,0.8837347733144918,0.09260883170791864,0.28753524797802044
joke,0.185332821817292,0.6428864538469355,0.3768791191399455,-0.185332821817292
light,0.19567969120290188,0.6678385609584414,0.09508038654869387,0.19567969120290188
nightgown,0.11248086389568189,0.4512817659554359,-0.2845055341691813,-0.11248086389568189
quilt,0.14875033143106986,0.5047423659087112,-0.15831256815600522,0.14875033143106986
raspberry,0.018896973900604824,0.3883243232689631,-0.04503536196844162,-0.018896973900604824
reverse,0.16983998711454684,0.7304748041589497,-0.05256794273129373,-0.16983998711454684
said,0.19281926380811862,1.2345799290450337,-0.18463626106233866,0.19281926380811862
saw,0.12814373438502566,0.9665941723238703,-0.07257113816736083,0.12814373438502566
set,0.05682802288610808,1.2416408439234214,0.03695311183147915,0.05682802288610808
sharp,0.16372963944778124,0.6962838762632838,0.09173743642996676,-0.16372963944778124
ski,0.02758973102717037,0.43629364908321294,-0.04888590643694183,0.02758973102717037
speak,0.09777714644094092,0.6452921994085555,0.21549775906660154,0.09777714644094092
stick,0.1449570289752665,0.9157221583298434,0.05579877654873459,-0.1449570289752665
stupid,0.5468651128035804,0.7694495183994784,0.08224665371607556,-0.5468651128035804
tail,0.16681123415867163,0.6864416759089795,0.2999632280400456,-0.16681123415867163
where,0.2958328383796811,1.1227380110545568,-0.008439395244840513,0.2958328383796811
which,0.15824214887230983,1.1551822518796802,-0.24172342245138467,0.15824214887230983
calf,0.031623971942449675,0.6296101089149317,-0.10666169656825239,-0.031623971942449675
children,0.2571464407115179,0.7397722562680574,0.11899682951299066,0.2571464407115179
chimney sweep,0.06894134570809657,0.4741284882519861,-0.07814884577418518,-0.06894134570809657
delightful,0.9151288249018327,-0.045115703839090464,0.12667348043182625,0.9151288249018327
dustpan,0.11551015704651266,0.34441776578255384,-0.2303330462307978,-0.11551015704651266
flee,0.44435584787181126,0.2784580468224713,0.10955707173580452,-0.44435584787181126
ga ga,0.12211204664663655,0.5587501533816773,-0.1863491410733774,-0.12211204664663655
garbage man,0.054753169624717546,0.8021017767888895,0.05826084510966718,-0.054753169624717546
hold hands,0.13064626760972442,0.899522993975565,0.1540770389797461,0.13064626760972442
kale,0.08289122687457183,0.415612195632494,-0.16354996906539732,-0.08289122687457183
kid,0.18779342165217955,0.7531669081050306,0.2228199371774885,0.18779342165217955
marbles,0.20501192726699352,0.6519685203184231,-0.19078351827973467,0.20501192726699352
needle,0.05546220561200095,0.47527229101147356,-0.1337734069533166,0.05546220561200095
nowhere,0.0780154952334386,0.5549822222061752,-0.06926689775984524,-0.0780154952334386
outing,0.08437451262308365,0.546589058568329,0.06422883539530407,0.08437451262308365
path,0.23319459766554912,0.998621712535995,-0.06861478068651525,0.23319459766554912
scary,0.3697092072672429,0.2996359828769938,0.1158620359388819,-0.3697092072672429
somewhere,0.020021662686307236,1.0465265884507318,-0.19960696419026308,-0.020021662686307236
sparrow,0.06174928398996599,0.48165339120098083,-0.12067072587080664,-0.06174928398996599
too much,0.10200300019971623,0.6530593240693088,0.09295407232701831,0.10200300019971623
winter,0.05898144906665881,0.3806557499299622,-0.26005969404670976,-0.05898144906665881
wooden ladle,0.07793170560785265,0.4815957912749044,-0.12978422786301463,0.07793170560785265
branch,0.032378322135996965,1.1373666868714483,0.008237889386367794,-0.032378322135996965
dishwasher,0.07755807049980233,0.36528667053788544,-0.1682252842010683,-0.07755807049980233
hop,0.030666717104870272,0.5332127333828859,0.07632593474481635,-0.030666717104870272
how much,0.2939886920010393,0.7741460584446018,0.22812953932793165,0.2939886920010393
mushroom,0.02085637258877179,0.4896135265848578,-0.08468016831127013,-0.02085637258877179
puddle,0.10968278846857464,0.20677851873633857,-0.15643510136273323,-0.10968278846857464
stomp,0.2690392727593519,0.3093498372260568,0.18305734341223448,-0.2690392727593519
album,0.2022712031775067,0.4931302291815105,-0.2741443192190507,0.2022712031775067
along,0.2819942661688565,0.7449960425106265,0.026883602581848947,0.2819942661688565
awoo,NA,NA,NA,NA
bathhouse,0.03699744402051429,0.3544291985074664,-0.07357344991443228,0.03699744402051429
be scared,0.17622551964571764,0.5031088832873062,0.05355182634676286,-0.17622551964571764
beet,0.10111572210395234,0.42356031674079087,0.019846297921174767,-0.10111572210395234
beetle,0.01859519522541138,0.45460061625724596,-0.05429951809180663,-0.01859519522541138
birch,0.027617662977243322,0.42759759902096905,-0.13955155281983525,-0.027617662977243322
blueberry,0.0037609182284709317,0.5453276014225586,-0.24357834826421393,-0.0037609182284709317
bush,0.11436521677172445,0.46589315568858325,-0.09154332523210153,-0.11436521677172445
buzz,0.04961246139807297,0.3016245511281652,0.5392299466561273,0.04961246139807297
cabin,0.1446899533945352,0.4751951019612536,-0.20002116052074326,0.1446899533945352
caw,0.2669865130689838,0.5206102416732584,-0.1190511818849262,-0.2669865130689838
click,0.05775938290567202,0.5665575753006865,0.10810483868032436,0.05775938290567202
collect,0.15756332225470016,0.6742864446363938,-0.0048103859899471585,0.15756332225470016
cottage cheese,0.15752603355914946,0.473489547683144,-0.08671914066803368,0.15752603355914946
crawl,0.17093906657406613,0.500261079877174,-0.1352971197576702,-0.17093906657406613
crow,0.18817878377370723,0.4595588066087217,-0.17161425980052522,-0.18817878377370723
cutlet,0.0893315082082535,0.4109253125352445,-0.24160398319281368,-0.0893315082082535
daughter,0.25212141927123616,0.7446995919623906,0.2757061778462329,0.25212141927123616
drip drop,0.1572621493148526,0.44428901446680497,0.010476351245343478,-0.1572621493148526
father's name,0.17980954441816552,1.0785186043583066,0.277729007281089,0.17980954441816552
fir,0.14963400556610995,0.6409516345935662,-0.004239283369363758,0.14963400556610995
from here,0.10381769336250149,1.0196983423311363,0.04949159897567573,0.10381769336250149
from there,0.06149005332169566,1.1860636323487799,-0.038055488239990345,0.06149005332169566
frost,0.2633874382686037,0.35489898787128005,-0.2242857594966503,-0.2633874382686037
gobble gobble,0.1490861965037861,0.49169956328590125,0.05591646501722618,-0.1490861965037861
greenhouse,0.06882863380140385,0.5291811181783617,-0.14205812093460682,-0.06882863380140385
guest,0.35571030350455896,0.5921674709335961,0.23219025013056052,0.35571030350455896
handkerchief,0.054986486640824894,0.3324546555837198,-0.13133229187389808,-0.054986486640824894
here you go,0.16830758083254554,0.9449065210611133,-0.09413226744494825,0.16830758083254554
icicle,0.061127018057502897,0.3368641215036212,-0.1665774780545633,-0.061127018057502897
in no way,0.14421497494079574,1.0272458538244011,0.039229381789257896,0.14421497494079574
invite,0.34913142792785484,0.6343214454335581,0.19745147233564184,0.34913142792785484
knock knock,0.12126955434903383,0.5825477553808727,0.13798511483571,-0.12126955434903383
lah lah,0.24840046922601253,0.5221990727340862,-0.2731816398534542,-0.24840046922601253
let's,NA,NA,NA,NA
locomotive,0.0281916997084067,0.6059527305097564,-0.14335208184815226,0.0281916997084067
low,0.11292008986345489,0.6652374608335824,-0.03168132050005308,-0.11292008986345489
mold,0.17384845388313683,0.5237558158077715,-0.017133522782624703,-0.17384845388313683
mother's name,0.17980954441816552,1.0785186043583066,0.277729007281089,0.17980954441816552
mud,0.1564154008564282,0.1744645090201459,-0.18942376834951238,-0.1564154008564282
naked,0.06294920207447101,0.30732010370560514,0.40065220868883544,-0.06294920207447101
name,0.17980954441816552,1.0785186043583066,0.277729007281089,0.17980954441816552
painful,0.49804881138377216,0.271022963378274,-0.26361934518385755,-0.49804881138377216
palm,0.17943138288207955,0.46688754096209495,0.1049102701441855,0.17943138288207955
piglet,0.013571143231197706,0.4901441992632123,-0.04357396806799298,-0.013571143231197706
pine,0.039047356077753656,0.1386841554980377,-0.04849908652424178,0.039047356077753656
real,0.3249966928982922,0.5375379317615093,0.20305012360616032,0.3249966928982922
ribbit,0.041835480186630344,0.4299071274244852,-0.15550561220171216,-0.041835480186630344
smart,0.21748724823129462,1.0522009805218513,0.35541610260453205,0.21748724823129462
smear,0.34230763386747987,0.4137968133269666,0.12415279922456354,-0.34230763386747987
son,0.20680288432029587,0.7183697518534116,0.20151630886221603,0.20680288432029587
song,0.3291064452018948,0.43477600197493166,-0.11463823979434751,0.3291064452018948
sour,0.3111524734413354,0.10683438992773166,0.029317090042425574,-0.3111524734413354
sour cream,0.15266756602732953,0.24308163245498288,-0.05997559006792765,-0.15266756602732953
tasty,0.28777086943693,0.3269457517250417,0.06410265057125408,0.28777086943693
teapot,0.001268690879713328,0.4920291427008698,-0.1419176263045828,0.001268690879713328
thump,0.13446276236650467,0.1884671367643631,0.0936563506790212,-0.13446276236650467
to here,0.2771278911341408,1.1138423281558136,0.0018076318074400077,0.2771278911341408
to there,0.23480025109333502,1.2802076181734572,-0.08573945540822607,0.23480025109333502
together,0.36619384086807216,0.6844385979142152,0.12684594311781247,0.36619384086807216
toy,0.3709202935269164,0.4789073491255878,0.31082124260930255,0.3709202935269164
voice recorder,0.03332923393400121,0.6927848388625786,0.09013674469147043,0.03332923393400121
wee woo,0.19299277890869782,0.37370096719747076,0.14189784454087034,0.19299277890869782
well,0.24787880865853085,0.5364219090851658,0.0575283978089054,0.24787880865853085
wet,0.09332885375121341,0.2979738843296474,0.010213272013860424,-0.09332885375121341
who's there,0.16125492203919342,1.3088175373075037,-0.23877701411345142,0.16125492203919342
whose,0.308830705090933,0.8605885529546379,0.14963005184793432,0.308830705090933
yogurt drink,0.019608877674668294,0.47105617708593134,-0.09175618575022652,0.019608877674668294
ahead,0.06520972980279767,1.2359121436197984,0.03990085294285298,-0.06520972980279767
always,0.48624678999516596,0.9114715564696926,0.06201482739260077,0.48624678999516596
anybody,0.1510968238328254,0.9355562150999108,-0.11544285334920715,0.1510968238328254
apricot,0.058134266114506394,0.37045450831170884,-0.10689437380155145,0.058134266114506394
ask,0.2964553742166687,1.108783475041748,0.014868533672457192,0.2964553742166687
birthday,0.1459948967766205,0.5716449759910541,0.07514284598586717,0.1459948967766205
bleed,0.46969973854963043,0.2744142724601835,0.09408130016458878,-0.46969973854963043
blouse,0.03713104410966877,0.41776186916411245,0.0042888385475257735,-0.03713104410966877
body,0.07117436636872898,0.9655876070289273,0.042930227454488615,0.07117436636872898
bride,0.08600236289097012,0.5097947139241972,0.088321350631504425,0.08600236289097012
chickpea,0.025314487907461342,0.4187422422082533,-0.08699047366376439,-0.025314487907461342
coffee table,0.11538666838933605,0.7079067211558158,0.07514342884251568,0.11538666838933605
cotton,0.059048345703132325,0.4789196080735814,-0.13704052648613346,0.059048345703132325
crush,0.1755027912878171,0.30564768932997943,0.4609403492866327,-0.1755027912878171
curtain,0.08306155293778827,0.8046400592029243,-0.08280254278227477,-0.08306155293778827
detach,0.17771459178018661,0.5911332883181799,-0.12086586342407196,-0.17771459178018661
die,0.4745900484308713,0.4078491799659851,-0.14132660959050083,-0.4745900484308713
dust,0.2704042025853615,0.4303618998506112,-0.17649271056971003,-0.2704042025853615
eagle,0.02594047172161419,0.5210751194817927,0.03816265942962531,0.02594047172161419
earth,0.19347404862420886,0.6206260933428626,-0.1083376317243304,0.19347404862420886
even,0.09150680879986131,0.8834897758631314,-0.07278639678698667,0.09150680879986131
excuse me,0.06596861021269425,0.8301469939458712,-0.20446096145164477,-0.06596861021269425
explode,0.3509387660772166,0.23106828331605905,0.37839769921300564,-0.3509387660772166
gather,0.2764946666177091,0.7266097614976834,0.05537282825875313,0.2764946666177091
get hungry,0.015880301403224842,0.6101466389824479,0.026766535257570386,0.015880301403224842
headband,0.05028857410237347,0.4760685070919134,-0.11760171775540487,-0.05028857410237347
hollow,0.0645774427825953,0.13623113045786656,-0.3344883238639088,-0.0645774427825953
inflate,0.09043823214260122,0.45763386763411745,-0.02084737184289393,-0.09043823214260122
kayak,0.05920217893809594,0.4975194049376703,-0.048948901168057404,0.05920217893809594
ketchup,0.08151776517857563,0.42855328774389695,0.062146956129853624,-0.08151776517857563
king,0.04155011356028808,0.740694614277034,0.22827204700844841,-0.04155011356028808
lullaby,0.14933702117253259,0.1451263307844525,-0.5126440158944369,0.14933702117253259
maybe,0.1727984002352992,1.1741777759443277,-0.3449171967936423,0.1727984002352992
mix,0.26310601612213114,0.5380150013470945,0.2588947851342307,0.26310601612213114
most,0.35662174280655967,0.7844104331709076,0.11821417686862347,0.35662174280655967
neighbor,0.15184162710178367,0.7414075715280165,0.3106218196232599,0.15184162710178367
notebook,0.018128076767597933,0.8144617552486099,-0.0060139460056198345,0.018128076767597933
only,0.3048659087972191,1.2398515193149957,-0.21414193393247316,0.3048659087972191
opposite,0.026456089298163742,0.746371238285655,-0.014460935691750719,0.026456089298163742
pine cone,0.049207629287823955,0.29013294797629885,-0.07804478189320431,-0.049207629287823955
pocket,0.06686494623363508,0.7024538750361858,0.09469565278328887,0.06686494623363508
pomegranate,0.045852342508718356,0.49346543813983657,-0.15640007719374666,0.045852342508718356
press,0.07400700442233493,0.6709751914222682,0.4150412940584122,-0.07400700442233493
princess,0.08085101710334838,0.40388025189160875,0.07896840751988125,0.08085101710334838
probably,0.01044630821150214,1.3935199412770487,-0.37545487286382817,0.01044630821150214
put in,0.026273046066714555,0.9914727823856717,-0.029884635457387693,-0.026273046066714555
put on,0.051127837147784544,1.0895870977905509,0.016448237218060935,-0.051127837147784544
robot,0.11178754540331379,0.5421818027319336,0.09715017532370028,0.11178754540331379
rope,0.08444017151291991,0.651728998757436,-0.09055289809137487,0.08444017151291991
sailboat,0.10405738591354464,0.5418225603379421,-0.1076218257678909,0.10405738591354464
scatter,0.08943012774168864,0.33584293857144654,0.050119971593687085,-0.08943012774168864
shame,0.8415171172782792,-0.8886507457016669,0.09085853944064594,-0.8415171172782792
snap,0.04891757410745494,0.5819863368065774,0.12197833744961187,-0.04891757410745494
solid,0.33781866730332755,0.9547999223199665,-0.15680268147876184,0.33781866730332755
someone,0.2646564215799145,1.0371993177357346,0.08596386793002017,0.2646564215799145
squeeze,0.12533346960503552,0.3293175586476229,-0.017175592751286127,0.12533346960503552
stork,0.037428469722938625,0.5222674375141687,-0.09245139215830986,0.037428469722938625
strike,0.16250967439798544,0.7225384204799932,0.1310255369553678,-0.16250967439798544
surprise,0.5301727008417308,-0.6091313911049367,1.1727697447458478,0.5301727008417308
swallow,0.0853943392172045,0.44772982066057115,-0.20083210992544973,-0.0853943392172045
take away,0.019475117093383787,0.7681036079489367,-0.08369475311668645,-0.019475117093383787
take in arms,0.0813702856576366,0.8715323014365831,0.016541402814088287,0.0813702856576366
tarhana,NA,NA,NA,NA
thing,0.12941153684458886,1.4249304051649438,0.12031951963366694,0.12941153684458886
thirst,0.7709820924980559,0.6114350736575257,-0.44358190035332135,-0.7709820924980559
tighten,0.10783384685389492,0.5406370827640172,-0.11167027515229543,-0.10783384685389492
traffic,0.05494856807543064,0.6808614408059882,0.13254991097509902,-0.05494856807543064
travel,0.21815341284122702,0.6661056880012699,0.044688896878513386,0.21815341284122702
understand,0.17568847614127414,0.6975929652259494,0.1343419066422176,0.17568847614127414
vest,0.040755919222477247,0.666091022767257,0.023873971888009146,0.040755919222477247
wedding,0.03158253364090225,0.6310531132857424,0.08165842498683673,-0.03158253364090225
welcome,0.5896012147427311,0.2828349645759861,0.22323617552699693,0.5896012147427311
whistle,0.1378195914443879,0.5411793390603964,0.08032030106848602,-0.1378195914443879
wood,0.1167124666174884,0.5975791565569237,-0.053941586606196454,0.1167124666174884
cannot,0.06393546532718944,0.729037225628575,-0.14549855731873304,0.06393546532718944
clever,0.2935560959821739,0.8014996857522421,0.1435801561078396,0.2935560959821739
drink,0.014846807002586705,0.45244409320065904,-0.05573066050584369,0.014846807002586705
hazelnut,0.020125730661959815,0.3817591203630808,-0.11648326437383642,0.020125730661959815
hoot,0.08061490297275559,0.1640074813831551,0.2390855924035127,0.08061490297275559
just,0.17261708266803552,1.052794358347735,-0.17040738739480538,0.17261708266803552
less,0.0017767476942280962,0.8258696580199906,0.006582064161508934,-0.0017767476942280962
mat,0.11737202099144158,0.5881348567432393,-0.1444796174543449,0.11737202099144158
midmorning,0.07044117668396044,0.6146041982487261,-0.3468004004978409,-0.07044117668396044
muddy,0.16250370626878127,0.4034512727143446,-0.2707907711289363,-0.16250370626878127
neat,0.3740305819009713,0.5725100591340738,-0.04525561175703448,0.3740305819009713
paprika,0.06201462667816849,0.34888699671980866,-0.16525935565515937,-0.06201462667816849
pliers,0.09440736262765113,0.5421787039124304,-0.15357081289488578,-0.09440736262765113
rather,0.02804145057811387,1.0300915918311333,-0.23275559697356815,0.02804145057811387
right,0.2555567427277635,1.2141226266588185,0.2696608102554237,0.2555567427277635
shoelace,0.053375640441752886,0.5732167444838993,-0.1153745849785072,-0.053375640441752886
smeared,0.20324197925735324,0.3442288717666176,-0.0758674633278657,-0.20324197925735324
smelly,0.2883030396976936,0.25935864273413073,0.017182162781499522,-0.2883030396976936
stereo,0.12964577591191434,0.4263648891547343,-0.030945712818569587,0.12964577591191434
switch,0.15118198260246243,0.9600268788958656,0.24879488500988373,-0.15118198260246243
used to,0.253299295333492,1.2050880264552544,-0.040180425756574434,0.253299295333492
weak,0.19375865870741313,0.6467372995817615,-0.20085481206746664,-0.19375865870741313
baby chair,0.10645092747230127,0.6811697776146162,0.10116373721189317,0.10645092747230127
block,0.12484705671660945,0.9853727843063,0.0647110710588048,-0.12484705671660945
caress,0.41350132578601045,-0.022485789380606608,0.013216578251355844,0.41350132578601045
cellar,0.20470355562230066,0.5500493641018969,-0.13388688445489952,-0.20470355562230066
chewing gum,0.09374925728887876,0.6092845724268505,-0.11498692391133164,-0.09374925728887876
color,0.239667319639236,0.7558961726934169,0.36469199699304644,0.239667319639236
cooker,0.030664341635195266,0.5393795276950848,-0.13470616590652046,-0.030664341635195266
cut,0.21256383001255172,0.8174899406895116,-0.048601532583904775,-0.21256383001255172
ditch,0.3756506027341925,0.6590089414206725,-0.129130924151621,-0.3756506027341925
fear,1.052093898037404,-0.5364403674790487,0.8772016481594912,-1.052093898037404
fun,0.8022251776692688,0.09048526711171061,0.4971610001793919,0.8022251776692688
give me,0.3695747231792254,0.7243525006511968,-0.08959114037214867,0.3695747231792254
gloves,0.09258820733565751,0.4830487351006564,-0.10183555518325846,-0.09258820733565751
glue,0.11320022603624455,0.4634799702323949,0.010685264122096624,0.11320022603624455
high five,0.12215781180924708,0.7390498835352153,0.16386050756932907,0.12215781180924708
hole,0.09783051652217183,0.5681432600483186,-0.18319753808860184,-0.09783051652217183
nail,0.146781256948638,0.6620324664830302,-0.06142494705012993,-0.146781256948638
oops,0.3539299901049411,0.5855617415219888,0.05284697466693559,-0.3539299901049411
sauna,0.06963316556771294,0.18576178680704547,-0.3945931585386575,0.06963316556771294
seal,0.13108430138081573,0.5980027380286507,-0.04817695310244002,0.13108430138081573
self,0.31595491556125277,0.7364896080825523,0.21308166188866265,0.31595491556125277
ship,0.0337116203454901,0.65579173329630025,0.017253478570021154,-0.0337116203454901
shop,0.15010015229581852,0.7147556546551006,0.20323552022995106,0.15010015229581852
sneakers,0.01079444622923978,0.6121208143775589,-0.034476605844126235,0.01079444622923978
spray,0.03274901435030142,0.33071170916386833,0.04547214239459157,-0.03274901435030142
stomach,0.29971157850229446,0.22972389034512866,-0.17119552279708422,-0.29971157850229446
swing,0.1552822302581337,0.5648793007287428,0.044627818387244875,0.1552822302581337
tape,0.1072639062032285,0.7265730130802696,0.14013376768775251,-0.1072639062032285
watch,0.23243593163668985,0.5513280495371847,0.21367169041004727,0.23243593163668985
bake,0.07913193077105247,0.4174750266632207,-0.11197586196905417,-0.07913193077105247
ceiling,0.03651436821637173,0.6606277101092567,-0.18871037736121496,0.03651436821637173
crash,0.40642385871040143,0.487653599697412,0.01934661285774735,-0.40642385871040143
dress,0.006195556625235696,0.6488934201737598,0.2973622223222846,-0.006195556625235696
end,0.21957970087826348,0.7583369315029708,0.12848599652770606,-0.21957970087826348
everyone,0.385937541382599,0.7418539523549261,0.19195941364761793,0.385937541382599
he,0.12867264463011055,0.8965552992533019,-0.17680114543253644,0.12867264463011055
hood,0.19175471541756167,0.6922549650668923,0.1256105389394056,-0.19175471541756167
hot chocolate,0.09529484685614217,0.2593778852478118,0.21259249054089924,0.09529484685614217
letter,0.13504902286102083,0.7468603216790901,0.2424905856132952,0.13504902286102083
licorice,0.05968314837114883,0.351130463266455,-0.13495365573720383,-0.05968314837114883
lotion,0.07976423068014657,0.4033557867780497,-0.2142696440078233,0.07976423068014657
pet,0.21180386094007903,0.45120995578122236,0.2573227984850767,0.21180386094007903
post office,0.023527859856607703,1.0248816125920432,0.21210962870228495,0.023527859856607703
rainy,0.11708751715480085,0.34050568312308643,-0.42251373317521096,-0.11708751715480085
roll,0.13321460597291868,0.5677068297250735,0.04678151621438232,-0.13321460597291868
ski,0.02758973102717037,0.43629364908321294,-0.04888590643694183,0.02758973102717037
sled,0.09059205137618709,0.5015352429119583,-0.09605018722412102,0.09059205137618709
sleeve,0.02013337876784415,0.5617596475488349,-0.028389835062242116,0.02013337876784415
tease,0.16500018070602604,0.27978196412041617,0.4423966513553568,0.16500018070602604
vase,0.055091681488377356,0.5083093357489357,-0.16632351135782997,0.055091681488377356
wave,0.0346475732336177,0.16994997848832852,0.4289528612539932,-0.0346475732336177
wink,0.1432690010047083,0.2570374006222187,0.0648934022615935,0.1432690010047083
air conditioner,0.1558338260243118,0.45698775312198914,0.04552931206870651,0.1558338260243118
amusement park,0.8476274810420503,-0.06875743061799044,0.37868181388801797,0.8476274810420503
boss,0.1663169557588377,0.6609881409974901,0.17107451766694615,-0.1663169557588377
bright,0.35246619789991357,0.38221357415084756,0.19892844436296403,0.35246619789991357
building,0.22202556101762366,1.3060837677374786,0.3140558739147957,0.22202556101762366
change diaper,0.14722584417985984,0.778855514245073,0.03104591473239398,-0.14722584417985984
chopstick,0.04168945052128289,0.4867690490493283,-0.16858464433858533,-0.04168945052128289
clam,0.207683796121052,0.4046392012950982,-0.10137523602512487,0.207683796121052
crab,0.03507878670665922,0.46103520365706885,-0.07711696214561517,-0.03507878670665922
dismantle,0.190800405877787,0.7765563016138802,-0.00960487183683002,-0.190800405877787
driver,0.13635770537386407,0.6936975610587595,0.07428779452870043,0.13635770537386407
earlier,0.04709646278671457,1.210871805064335,-0.028256600194750014,-0.04709646278671457
family name,0.2974042267076331,0.8384160903820589,0.35813983420843354,0.2974042267076331
fan,0.025952697226689896,0.5967099072142487,0.1585618206116695,0.025952697226689896
fragrant,0.28622830444816344,0.2055556646378816,0.0032721190299406003,0.28622830444816344
guava,0.05586526600666313,0.5069174487674131,-0.17602956766204328,0.05586526600666313
helmet,0.07532903563126456,0.6299637236824956,-0.03068066025713693,-0.07532903563126456
is that okay?,0.22327001887082973,1.114509340072519,-0.10778378392560549,0.22327001887082973
kefir,0.039187497822916424,0.4954218967082089,-0.24220894614796168,-0.039187497822916424
library,0.13516421727353353,0.705514479273497,0.004527605856525412,0.13516421727353353
mask,0.24557701244280478,0.44524614946890706,-0.1466494615548536,-0.24557701244280478
middle,0.08012703339743217,0.8630662844811325,0.02731665526227394,-0.08012703339743217
miss,0.09107872388963029,0.272258965570951,0.06161611927862181,-0.09107872388963029
nugget,0.34972147429206896,0.7328652763943173,-0.032210144909687065,0.34972147429206896
other people,0.23227643870500678,1.0322390694743038,0.0635226252738185,0.23227643870500678
papaya,0.0011702870653376805,0.41621426578356063,-0.16099857342735038,0.0011702870653376805
parking lot,0.09990024763043548,0.6092913881045375,0.13823510068105438,0.09990024763043548
peacock,0.06819475399892472,0.3127478384864774,0.1401124873026571,0.06819475399892472
pinch,0.02710383706822404,-0.02151467601178865,0.2586838073567706,0.02710383706822404
play with blocks,0.1767037405025025,0.8362146337926214,0.08314704657477201,0.1767037405025025
rainbow,0.13659989176331602,0.3051775305514428,0.10291298694283035,0.13659989176331602
raincoat,0.0776149921081915,0.5569942845123724,-0.12684352064009824,-0.0776149921081915
scold,0.288199712239326,0.23007369074721223,0.08429476871516872,-0.288199712239326
seesaw,0.04880629393588976,0.4240799509144973,-0.05010390335575016,0.04880629393588976
shark,0.020426075191910375,0.5809567054242268,0.13604089025637037,-0.020426075191910375
shrimp,0.0662518134115375,0.5732697509529724,-0.023477766348947746,-0.0662518134115375
soy milk,0.0021604915026478544,0.41748437787473647,-0.022307125016296458,0.0021604915026478544
soy sauce,0.0901170998567207,0.4404986622112663,-0.022910654057063436,-0.0901170998567207
spicy,0.06638866341586158,0.2058881062273537,0.24659165375951492,0.06638866341586158
squat,0.06712632646431252,0.7270293938742125,-0.14816191580557897,-0.06712632646431252
start,0.03296810082322351,1.0847344127005485,0.2051688881119261,-0.03296810082322351
sticker,0.030976536591119187,0.5957466623504819,0.16915826649365254,-0.030976536591119187
straw,0.06066757308183469,0.5490179674364553,-0.19463187017181297,-0.06066757308183469
thunder,0.14577286920321963,0.22184893785323712,0.12802658110375545,-0.14577286920321963
traffic light,0.07036556156373562,0.6743500008822148,0.11381514876189644,0.07036556156373562
what time,0.25979824369309135,1.3385362839706563,0.02442172458290176,0.25979824369309135
REFL.POSS,NA,NA,NA,NA
aggrieved,0.03627406802861045,0.23704282631357287,0.012346894287670275,-0.03627406802861045
alcohol,0.20470594011893575,0.4453853546288474,-0.05522969835132458,-0.20470594011893575
amuse,0.40838027955082723,0.08637814239652544,0.05889071269062855,0.40838027955082723
basin,0.03383664508706471,0.7151583204911128,-0.273675695369356,-0.03383664508706471
beef,0.02089807331722013,0.940642231893116,0.1887606611423012,-0.02089807331722013
bend,0.17742740970677598,0.6284341062765868,-0.04480716517572761,-0.17742740970677598
blink,0.19518187888013888,0.42186087092861424,0.15134293981183164,-0.19518187888013888
board game,0.16927949247672996,1.08015909076751,0.20040266324784567,0.16927949247672996
braid,0.02845157364442113,0.5279296979692333,-0.08354472108908285,-0.02845157364442113
brain,0.025737876763712093,1.1627201055863214,-0.03658434344910709,-0.025737876763712093
brighten,0.21947880301553924,0.17519020560185217,-0.15848195332481102,0.21947880301553924
calendar,0.01839612837749126,0.9092842657949516,0.1757639263416637,0.01839612837749126
cauliflower,0.20763646473785582,0.5099224074294821,-0.14817367119330108,-0.20763646473785582
chew,0.02967508938328455,0.5960689195166043,-0.14418015288417674,-0.02967508938328455
comfortable,0.3774434169095186,0.45760306215547947,-0.13209151136639838,0.3774434169095186
cricket,0.07174512458676624,0.49012962290479,-0.09569535783546915,0.07174512458676624
cross,0.1379611504732303,0.772554310386832,0.03794013237632479,-0.1379611504732303
dragon,0.03321942584949603,0.4058658195714397,0.0725590588297096,-0.03321942584949603
dragonfly,0.2390413517440984,0.4357996687008423,-0.19215289653798842,0.2390413517440984
exchange,0.35818894695438086,0.8424197292596559,0.40596101179924043,0.35818894695438086
fart,0.3046118428922325,0.32331274206891464,0.18810916099400232,-0.3046118428922325
flip,0.10209293651394012,0.6019055772547011,0.29573429214603836,-0.10209293651394012
flour,0.09975251182897363,0.4573411245231659,-0.1191795566010121,-0.09975251182897363
go around,0.059343535490940694,0.8853956035013701,-0.005934468128795663,-0.059343535490940694
go to school,0.06820812069798413,1.0278488304407354,0.09689866973508325,0.06820812069798413
go to work,0.1705139410411076,1.016981484917435,0.04572428038692926,0.1705139410411076
gorilla,0.0403207150818172,0.6884926965050931,0.048566018574275026,-0.0403207150818172
guess,0.07312488385366576,1.1892788951887436,-0.09634168901638764,0.07312488385366576
heating,0.028334044764802304,0.45009645360566397,0.03841602196479345,0.028334044764802304
hope,1.4243340601270769,-0.49015066623041487,0.06364948218383243,1.4243340601270769
insert,0.06299392878537592,0.5351471023125883,0.06311897062575608,0.06299392878537592
liver,0.19821877318202752,0.4964126889683035,-0.18624361754606106,-0.19821877318202752
lock,0.09821304464054172,0.6562820858057831,0.24954060931431343,-0.09821304464054172
magpie,0.08022469855990857,0.5466936116109751,-0.08437442974704018,-0.08022469855990857
move,0.06328892887112976,1.17712052489901,0.3154599592732919,-0.06328892887112976
nostril,0.022527980271522044,0.47434121213193386,-0.08090653101976034,-0.022527980271522044
outlet,0.03927343793944913,0.5342727378109376,0.009738549816429364,0.03927343793944913
pepper,0.08480664466130644,0.41709996765072205,-0.03729294876781547,-0.08480664466130644
perform,0.10385933209715639,0.8031917846839175,0.05027425303778841,0.10385933209715639
pitiful,0.2076253464731027,0.13970713110560176,-0.3390349859631814,-0.2076253464731027
pork,0.10045632522352756,0.5169721904650554,0.062896912322779,-0.10045632522352756
queue,0.1497525114924725,0.5900311158950668,-0.03714802983903456,-0.1497525114924725
return,0.2851041971920521,0.734971284846105,0.19662495942596317,0.2851041971920521
ribs,0.096112819673752,0.5342290935459322,-0.1341953645870563,-0.096112819673752
rinse,0.16719603530557137,0.3644633484743601,-0.15265072131317578,-0.16719603530557137
row row your boat,0.006277791400309499,0.6118051917890637,0.08761133005650418,0.006277791400309499
rub,0.020116902215206664,0.19427290878599002,0.09775768400769125,-0.020116902215206664
scallion,0.06371697507595629,0.4007280831822786,-0.10488442356187425,-0.06371697507595629
sell,0.00136937058786692,0.7774418296074215,0.09099831649193708,0.00136937058786692
send,0.08332428939323018,0.4774032622811816,0.14132229813357639,0.08332428939323018
snot,0.17488092544976197,0.18403446147133198,0.07696255292488696,-0.17488092544976197
sound,0.21975364903243502,0.5992548977411459,0.19769535148450573,0.21975364903243502
spin,0.10396617866193834,0.5485024053463482,0.17511549203506635,-0.10396617866193834
sprouts,0.12132494790121173,0.5578244730669841,-0.06574246804150438,-0.12132494790121173
stack,0.08630178134474657,0.7453348836977858,0.06681267988710403,-0.08630178134474657
support,0.5702697909723227,0.8434063753142632,0.3291859020010347,0.5702697909723227
swallow,0.0853943392172045,0.44772982066057115,-0.20083210992544973,-0.0853943392172045
tie,0.009562563265709464,0.77564044883485606,0.016665669244478036,0.009562563265709464
tofu,0.06955882558505339,0.4595367477558558,-0.11320559819958562,-0.06955882558505339
tug,0.0026008725479249708,0.3366606186925729,0.14829590508733334,0.0026008725479249708
twist,0.12703246488103973,0.5113315549051021,0.3453420507024464,-0.12703246488103973
use,0.11175653287818328,1.0832468687925496,0.13611623256693994,0.11175653287818328
vinegar,0.17764574031137925,0.38945732998304833,-0.0451496475998171,-0.17764574031137925
water,0.2648039364168833,0.6505310801163171,0.08462871502496823,0.2648039364168833
wing,0.12615040067015063,0.6871413130563321,0.11843913104527025,-0.12615040067015063
wire,0.01567446286146804,0.8359535311047175,0.07318239971315797,0.01567446286146804
years old,0.02739546922661016,0.9312323532314568,-0.04246851807303926,-0.02739546922661016
ball pit,0.06891688030917413,0.41598196856441694,0.12117269120485137,-0.06891688030917413
borrow,0.03500915929749599,0.5909413171114786,-0.061194117881721646,0.03500915929749599
bounce,0.17907306849096616,0.2990865623287091,0.11743080288033253,0.17907306849096616
bully,0.3244052236171827,0.36175939094847165,0.4343124120880768,-0.3244052236171827
bus stop,0.17406310448933526,0.7354555935119426,0.12474161818268015,-0.17406310448933526
can you?,0.3061449114702285,0.8299627602293755,-0.1474984847106114,0.3061449114702285
chop,0.2656981761118012,0.5556788048162851,-0.030904550880330808,-0.2656981761118012
clumsy,0.3073401735063963,0.5097160302910676,-0.014807375866982069,-0.3073401735063963
don't want,0.0648220245680462,0.44856063555706605,0.09776148462570958,0.0648220245680462
dumb,0.36997379179659684,0.7799079384556235,0.09182224796511107,-0.36997379179659684
eraser,0.12452035190670696,0.5099330604919284,-0.16536762973244773,-0.12452035190670696
flying bugs,0.10548259835618451,0.5883919882738695,-0.031778205491407585,-0.10548259835618451
fold,0.028149484769630813,0.6749926152125915,0.007689294672174802,0.028149484769630813
ginger,0.01979586280133491,0.2489923729062904,0.05631071126364074,0.01979586280133491
grey,0.20842998007633157,0.3974497583228541,-0.2773706159651882,-0.20842998007633157
hanger,0.20118899003082194,0.6109661239074743,-0.13039108388315382,-0.20118899003082194
heel,0.2619414654131611,0.5049553512833759,0.09789384029604782,-0.2619414654131611
itch,0.26389309082513945,0.23421061898598128,-0.0042451539795864916,-0.26389309082513945
itchy,0.24699548355034862,0.22264920184542472,-0.1883021887176988,-0.24699548355034862
just now,0.062474106287054465,1.1195572754663616,-0.04789759277871194,0.062474106287054465
layer of,0.17105712920001198,0.9279590082392781,-0.10230739561510278,0.17105712920001198
mall,0.027263677670927057,0.4872299734710005,0.010552776882997343,-0.027263677670927057
mean,0.04336517283972863,0.7145524172843999,0.12994267332160428,-0.04336517283972863
microphone,0.04222029086353294,0.6519494508618562,0.08303145427341653,-0.04222029086353294
minibus,0.0033730509490645776,0.4718861926740052,-0.1411507029424982,-0.0033730509490645776
miserable,0.518864520768421,-0.2789073424585928,-0.582046423278801,-0.518864520768421
not allowed,0.0817443152622017,1.0857523745313138,-0.10679108678977323,0.0817443152622017
pack of,0.09602856853269182,0.9103680243983177,0.07410619851311484,0.09602856853269182
piece,0.16590861988925684,1.2189185054598743,-0.012128570941447318,0.16590861988925684
poke,0.051261170087065,0.4207939892385739,0.10356533941560382,-0.051261170087065
right,0.2555567427277635,1.2141226266588185,0.2696608102554237,0.2555567427277635
rock paper scissors,0.04711771061283857,0.7144816797414164,0.00653949388541534,-0.04711771061283857
ruler,0.10105588659455321,0.8388038372703304,0.016748638282008666,-0.10105588659455321
slice of,0.17093434127864704,0.8263879961603747,-0.08758030138985971,0.17093434127864704
slippery,0.0016480552851116342,0.4898251494664255,-0.19852376378100878,0.0016480552851116342
smooth,0.3758719748581726,0.40223082327277554,-0.12940189185807013,0.3758719748581726
spread,0.03771991018611392,0.4777299519573219,0.13699029471394922,0.03771991018611392
stick of,0.07045861412557562,1.0013015394607216,2.7736127660611676e-4,0.07045861412557562
suck,0.17052486731098287,0.16834493276452783,0.1050940249930195,-0.17052486731098287
sunny,0.3058822935508894,0.28398828382387364,-0.12639875279584742,0.3058822935508894
this morning,0.0774864074364634,0.9369046918248006,-0.0910978101078351,0.0774864074364634
though,0.0729948333810719,1.2840332374624575,-0.2697552202371537,0.0729948333810719
times,0.08244302363238991,0.9556894716925657,-0.19833106404702297,0.08244302363238991
tunnel,0.08218854657311353,0.38513342758054475,-0.2339207979998995,-0.08218854657311353
uncover,0.09771955091631881,0.5102278167552572,-0.07512772200642895,0.09771955091631881
unwilling,0.12870231382412187,0.6648417406243723,-0.13639091156420327,-0.12870231382412187
wash hands,0.07789930231431533,0.6051160551480524,0.05782119087289019,-0.07789930231431533
whatever,0.10689310831203401,0.8805502201525065,-0.03492447745009075,0.10689310831203401
yay,0.07853597045142541,0.24602240520093113,-0.028890446081031678,0.07853597045142541
bless,0.4094130607128498,0.29750941792197794,0.04175590009222483,0.4094130607128498
bus station,0.032766002034119085,0.7814367597246386,0.0860901363353038,-0.032766002034119085
change,0.16644701958445324,0.997911215440002,0.08900483615868847,-0.16644701958445324
excellent,0.7304992822162586,0.6563405626886838,0.02923327330604934,0.7304992822162586
go eat,0.10260422926823703,0.7419219091190478,-0.0738420226481449,-0.10260422926823703
moment,0.32442579986210685,0.8609937584311157,-0.055458011881016206,0.32442579986210685
once,0.26398059098235044,0.958979815375213,-0.03375962346687899,0.26398059098235044
pita,0.14082067969493564,0.36750929915804664,-0.2376552030525055,-0.14082067969493564
rattle,0.2562105790834165,0.3325926838158409,0.013382930143276019,-0.2562105790834165
rest,0.23137078622315063,0.7559827385077793,-0.4060967387123081,0.23137078622315063
schnitzel,0.06653579447241587,0.42481952017241487,-0.1453022187916412,-0.06653579447241587
shutter,0.0454715305286972,0.5833697078664258,-0.1459205161298357,-0.0454715305286972
tablecloth,0.04477622730983143,0.5489316478370898,-0.22888254111724554,-0.04477622730983143
ten fingers,0.04939206461352032,0.6169613869611279,0.019956305278667544,0.04939206461352032
adult,0.14573701326116742,0.5795904298670963,0.18942694547371228,0.14573701326116742
apartment,0.16785165210173722,0.7246098956009334,0.0699247035429673,0.16785165210173722
blood,0.17823346628716996,0.3908664498118392,0.3654340002893503,-0.17823346628716996
bloom,0.09557184610184867,0.30209109294092873,-3.314279946639886e-4,0.09557184610184867
boulder,0.06456100301494513,0.5823148741182056,-0.22891453182979615,-0.06456100301494513
burst,0.05097069859293156,0.1797284077787024,0.47967071078163903,0.05097069859293156
come out,0.0647651492734492,0.8188658502941311,0.04960619485937013,0.0647651492734492
daytime,0.1237546589395916,0.5808171189748076,-0.24662195273102275,0.1237546589395916
dim,0.049033584169843505,0.23428498049277677,-0.34162897141700604,-0.049033584169843505
dislike,0.46714915397812784,-0.11464363535609583,0.5172335622128466,-0.46714915397812784
don't know,0.012428967743809693,0.5884208584333837,-0.03473423488826243,0.012428967743809693
dress shoe,0.03290684205175286,0.6455697018115119,0.21096222756582114,-0.03290684205175286
dried seaweed,0.012139709300008211,0.4013849318908578,-0.20648275589759885,0.012139709300008211
entire,0.0202665115193458,0.9309925241528316,0.17185380486057775,0.0202665115193458
everyday,0.23382681207342076,0.6157261471293953,0.13738278031320758,0.23382681207342076
float,0.19873153274389158,0.47226186379918866,-0.18225339929774567,0.19873153274389158
fry,0.18740555306094092,0.5315148914932055,0.02304759339134682,-0.18740555306094092
get cut,0.021830568308441642,0.7114952350562538,0.024197323559357962,0.021830568308441642
get out,0.15433824595044454,0.7788358803618527,0.03918197636239637,0.15433824595044454
ghost,0.3152191703999648,0.4516085565215216,-0.1305419361706788,-0.3152191703999648
have an injection,0.12236012393986996,0.7954634522072698,0.006545353118943722,0.12236012393986996
hip,0.0807051446966989,0.6120371711664145,0.07985872213339759,-0.0807051446966989
hot,0.010268178099761868,0.32728138326669654,0.40659288174076275,-0.010268178099761868
hot,0.010268178099761868,0.32728138326669654,0.40659288174076275,-0.010268178099761868
kimchi,0.13364559803613565,0.481676235350552,-0.043498185533282614,-0.13364559803613565
live,0.03940734953743882,0.44413963777943577,0.20547640883540774,-0.03940734953743882
load,0.09745562155363612,0.5342362822621135,0.10960517679607788,-0.09745562155363612
lunchtime,0.06210102404426367,0.6332160758557115,-0.0361549113929335,-0.06210102404426367
meal,0.08964594584990224,0.6654098926301169,-0.042247474290524493,0.08964594584990224
often,0.09308799167365547,0.7860176375455046,-0.1119335200834162,0.09308799167365547
persimmon,0.05640876138332908,0.44372962266768995,-0.18957174269592178,-0.05640876138332908
prince,0.03935690449130116,0.499671634701005,0.10384171837841581,0.03935690449130116
pull out,0.020894448003845698,0.7977270198077018,0.03293167021910834,0.020894448003845698
radish,0.021536085946592193,0.35101573203484,-0.10560491279603396,-0.021536085946592193
rice cake,0.003870544407034866,0.5324578268348839,-0.04308344215812004,-0.003870544407034866
shoot,0.08371258779752908,0.6464456546394752,0.18463436387076781,-0.08371258779752908
smash,0.28235236396578006,0.4402129724890363,0.246513452774663,-0.28235236396578006
study,0.252514115572546,1.4254695271968165,-0.05773157006987197,0.252514115572546
sweet potato,0.2696100072249664,0.22466540804461665,0.0603770038705007,0.2696100072249664
there is,0.23001923867543095,1.3399359269349331,-0.20583125810807634,0.23001923867543095
thief,0.1906756842538487,0.5806050489383416,0.07011965266695955,-0.1906756842538487
ticklish,0.0160995541690771,0.3210589998920385,-0.05556435207076741,-0.0160995541690771
waist,0.10076774013246968,0.5443369527521353,-0.09565717920352954,-0.10076774013246968
wash face,0.26256596266044924,0.40703576821667176,0.05501663454341855,-0.26256596266044924
what kind,0.487370234072638,0.993087356251952,0.12873796474748583,0.487370234072638
where from,0.1287790114919395,1.0930238692223067,0.0771133211943151,0.1287790114919395
will do,0.19415925409173226,0.9752989683462003,-0.020032360065397204,0.19415925409173226
win,0.17224549958423524,0.7050428986274384,0.2023536045081145,0.17224549958423524
won't do,0.03363209684915526,0.7853734583070667,-0.09312820594810284,0.03363209684915526
younger sibling,0.13126400448576842,0.719004537513311,0.2332982362967773,0.13126400448576842
bat,0.0653245610378972,0.8521991481813791,0.1302205760222227,-0.0653245610378972
become,0.009932670593004058,0.6298824016178018,0.006569451699100326,-0.009932670593004058
chicken,0.08143681261117723,0.5770006053698137,0.027156682317764195,-0.08143681261117723
eggplant,0.18645816075547036,0.38942869538927444,-0.23270945640326565,-0.18645816075547036
lend,0.3111212539807709,0.5191390166867103,-0.08304628871819854,0.3111212539807709
next,0.08449631928866022,1.3359091331470343,0.22475057774174995,0.08449631928866022
policeman,0.08807194552469269,0.6958410903637339,0.027036542938252348,-0.08807194552469269
rabbit,0.1143108590777039,0.4819525107878906,-0.09509525503558906,0.1143108590777039
side,0.14732251014385414,1.0183881045965373,0.26743403922180664,0.14732251014385414
square,0.03067275382941281,0.8868714722644547,-0.11842092325234474,0.03067275382941281
vacuum cleaner,0.02089164843560117,0.5122274150029016,-0.0587584639447082,-0.02089164843560117
yet,0.18714277238181948,1.054187339129599,-0.2699529514913507,0.18714277238181948
I,0.07884563208417583,1.0372973404517727,-0.3715670843079919,0.07884563208417583
my,0.10766033321190306,0.8566178840241209,0.07459537765323301,0.10766033321190306
myself,0.12636203950779876,0.8434561717097879,-0.279283271976759,0.12636203950779876
we,0.21290949749405294,1.20952632244846,-0.22844797421865307,0.21290949749405294
our,0.3591978414021668,0.9179137469252783,0.22025528220551735,0.3591978414021668
ourselves,0.2383190726335391,0.8184635999907653,-0.1354520463190021,0.2383190726335391
you,0.35527694888671857,0.9752825596302667,-0.1542419986198783,0.35527694888671857
your,0.3155129281031181,0.7775683804521277,0.2239799759979752,0.3155129281031181
yourself,0.26059170078917365,0.6146016779356338,-0.07590726209304857,0.26059170078917365
you,0.35527694888671857,0.9752825596302667,-0.1542419986198783,0.35527694888671857
your,0.3155129281031181,0.7775683804521277,0.2239799759979752,0.3155129281031181
yourselves,0.137137788665998,0.4111185656263075,-0.01237348893695546,0.137137788665998
he,0.12867264463011055,0.8965552992533019,-0.17680114543253644,0.12867264463011055
his,0.281212007013672,0.9281325577751061,0.17611278979256506,0.281212007013672
himself,0.23085140264838488,0.8241355197640017,-0.02804509747585506,0.23085140264838488
they,0.15510614770606693,1.1050617550071757,-0.12886896459784739,0.15510614770606693
their,0.327899367730123,0.8402558872767469,0.29725184243560215,0.327899367730123
themselves,0.2578162082181972,0.7895538292112286,0.05260221004172235,0.2578162082181972
